scenarios,1
seeds per scenario,20
notes,wifin_1channel. 4-100-4
arg_list[0],"{'txPower': 20, 'nStaB': 100, 'channelWidth': 160, 'simulationTime': 15, 'nStaA': 4, 'constantMcs': 1, 'band': 'AX_5', 'nStaC': 4, 'seed': 1, 'csvFileName': './scratch/testfile_2020-04-18_09:38:18.csv', 'channelNumberA': 50, 'phyModel': 'spectrum', 'mcs': 5, 'gi': 1600}"
arg_list[9],"{'txPower': 20, 'nStaB': 100, 'channelWidth': 160, 'simulationTime': 15, 'nStaA': 4, 'constantMcs': 1, 'band': 'AX_5', 'nStaC': 4, 'seed': 10, 'csvFileName': './scratch/testfile_2020-04-18_09:38:18.csv', 'channelNumberA': 50, 'phyModel': 'spectrum', 'mcs': 5, 'gi': 1600}"
97,19.7058,6.60734,123556,97515,1386.18
92,6.82402,7.20681,117187,116977,17.0412
90,2.57566,4.1689,114640,32249,1388.16
88,1.68068,2.93441,112092,2126,67.0435
47,16.708,5.11087,59,57,55.8831
41,2.85695,9.02856,52,49,81.5647
38,8.94646,6.47048,48,44,131.672
30,7.81375,3.29978,38,37,98.6759
39,7.19636,6.03087,49,22,190.046
49,8.12122,4.5676,62,60,45.7635
43,7.77911,6.4921,54,51,74.7662
43,7.68104,3.05435,54,54,27.591
35,18.9235,6.23924,44,40,138.107
32,5.75861,3.28492,40,37,155.818
47,17.8125,3.11645,59,57,58.6661
43,12.3559,1.72151,54,51,70.4024
47,13.4044,6.63499,59,57,56.7715
39,2.33199,7.84704,49,45,125.569
44,14.9798,9.81128,56,0,-nan
42,16.0783,8.14825,53,51,85.1245
43,10.3269,6.09847,54,51,73.7296
50,18.6914,0.664084,63,63,20.2322
46,17.0426,1.77422,58,56,59.9883
42,5.00221,2.0515,53,50,80.9559
49,17.3377,3.92676,62,60,52.2396
42,16.6755,1.78956,53,50,84.4124
33,0.198256,7.06927,42,40,93.8377
49,3.35502,6.88841,62,57,84.465
30,2.50437,6.64761,38,37,102.413
42,1.19319,3.32234,53,50,77.1701
31,1.81331,7.81129,39,38,98.0889
39,2.01261,2.38093,49,47,90.8161
32,2.43821,5.27299,40,38,97.0623
48,13.7617,5.22926,61,61,23.1974
36,1.89628,8.65967,45,41,136.793
47,18.6602,4.86988,59,57,60.9098
42,8.98245,8.7793,53,50,80.3035
47,1.7097,0.504838,59,57,60.9087
44,4.03646,8.02916,56,54,69.2187
46,18.9621,7.00127,58,56,69.9434
50,17.31,8.03726,63,63,27.6456
44,14.2227,8.22798,56,53,74.0299
39,7.6515,7.12884,49,45,129.831
31,16.3872,0.438982,39,37,105.891
35,3.7027,0.0969336,44,40,139.999
49,1.90557,6.48025,62,62,29.6896
41,18.329,4.51612,52,49,77.5415
50,12.4472,0.151219,63,61,58.7786
45,1.14264,1.47442,57,55,58.6938
41,4.31088,9.52766,52,0,-nan
36,12.4784,0.569984,45,41,139.44
50,2.64638,9.33036,63,63,27.1907
36,2.41468,1.69341,45,43,115.369
47,11.2483,0.634101,59,59,20.3073
42,8.7902,1.60658,53,50,79.882
32,14.7974,5.77067,40,0,-nan
37,7.69083,3.19819,47,43,125.363
47,13.5371,6.11227,59,57,70.9587
36,13.4711,3.13588,45,41,144.82
47,5.49494,1.77428,59,57,62.8655
42,15.1374,4.66188,53,50,84.2972
30,15.5376,7.78593,38,0,-nan
46,6.40405,2.65847,58,0,-nan
44,14.1106,2.90097,56,53,70.0155
50,13.1245,4.63856,63,61,48.6789
42,6.82763,2.04188,53,50,88.8559
39,12.7278,9.64904,49,45,123.961
50,14.6349,9.82146,63,0,-nan
42,10.8456,5.003,53,50,73.5657
48,8.99602,0.956404,61,59,57.981
47,2.3639,8.72878,59,56,72.2134
42,5.16643,0.323704,53,0,-nan
50,14.2986,4.55723,63,61,58.5014
32,13.9072,1.18799,40,38,110.182
44,9.97266,4.9075,56,54,70.5254
30,16.5935,9.22691,38,37,100.859
31,19.1169,0.773594,39,38,118.404
34,2.46748,7.10519,43,41,90.5642
36,6.14728,5.13171,45,41,145.42
33,5.73972,5.87867,42,0,-nan
45,9.37353,2.12715,57,55,64.6097
39,4.39095,4.77037,49,47,91.2709
35,9.15407,3.13193,44,40,135.953
37,8.51746,4.1278,47,45,89.5258
33,13.2332,9.59664,42,40,106.296
48,16.4911,4.79217,61,0,-nan
32,1.15548,1.32285,40,37,146.258
33,15.7316,4.97719,42,42,30.8352
30,9.44277,3.05164,38,37,100.454
36,7.25058,5.20961,45,41,153.39
41,16.9589,6.2699,52,0,-nan
33,14.3656,5.92948,42,40,99.7912
38,4.94599,4.16314,48,41,207.29
44,4.66198,7.69816,56,54,67.456
36,4.25478,8.94061,45,41,138.983
31,15.3534,5.07671,39,39,25.3482
50,11.1848,9.15968,63,61,51.7178
48,10.5688,9.44877,61,59,54.0574
50,10.3783,2.95506,63,63,19.7184
46,15.3986,6.48535,58,0,-nan
31,17.6775,4.27616,39,0,-nan
40,4.62925,6.0432,50,47,80.8642
33,5.58221,2.43517,42,39,144.54
43,13.6894,6.12185,54,51,72.5323
39,18.5423,7.29093,49677,26368,160.288
34,17.8256,1.77806,43308,42881,81.2547
37,1.38654,7.48977,47129,47110,36.5201
21,14.696,8.31155,26749,26707,38.1834
93,19.4116,3.21463,118461,109888,1047.2
84,13.648,4.41356,106997,104088,374.336
100,5.15132,8.3378,127377,110787,1216.88
96,3.36126,5.86877,122283,6431,339.361
44,13.4159,0.221731,56,54,56.3043
31,5.7138,8.05712,39,38,97.3309
47,17.8928,2.94095,59,0,-nan
30,15.6274,6.59957,38,37,101.043
48,14.3926,2.06175,61,58,16.6781
47,16.2424,9.13514,59,57,50.4837
35,15.5581,2.98414,44,40,134.14
35,15.362,6.1087,44,40,135.605
41,17.8469,2.47847,52,50,67.2288
35,11.5172,6.56983,44,41,137.099
43,15.6249,6.23285,54,53,54.5293
35,4.71174,3.44303,44,42,96.7987
44,6.80879,3.26992,56,0,-nan
49,4.66398,5.69408,62,62,14.0434
37,9.95945,9.6225,47,45,78.4688
34,12.1565,6.2965,43,39,154.345
35,0.653605,2.19694,44,40,153.896
50,17.3829,1.32812,63,63,17.5365
42,14.0851,3.54844,53,51,66.6512
33,10.0044,4.10301,42,39,143.123
48,14.6753,7.85346,61,59,53.0657
34,13.3509,3.57906,43,0,-nan
37,0.396513,4.13848,47,44,99.4034
47,6.71004,3.77682,59,0,-nan
30,5.00874,3.29516,38,0,-nan
34,2.38628,6.64467,43,39,146.215
32,3.62662,5.62257,40,38,103.637
48,4.02511,4.7618,61,0,-nan
34,4.87642,0.545933,43,39,142.126
45,7.52341,0.458516,57,55,52.8312
43,3.79246,7.31933,54,53,53.5392
44,17.3204,9.73971,56,0,-nan
33,17.9648,7.55861,42,39,145.979
44,3.4193,1.00968,56,54,58.5056
38,8.07281,6.05827,48,46,87.6842
41,17.9243,4.00254,52,50,63.5596
50,14.6201,6.07448,63,63,20.3152
37,8.44546,6.45595,47,0,-nan
48,15.303,4.25764,61,61,32.6002
32,12.7745,0.877911,40,37,153.117
40,7.40529,0.193867,50,46,123.256
47,3.81104,2.96045,59,0,-nan
31,16.658,9.03225,39,0,-nan
49,4.89432,0.302439,62,0,-nan
39,2.28528,2.94884,49,45,130.349
31,8.62176,9.05528,39,39,29.9737
43,4.95672,1.13991,54,52,60.1149
50,5.29266,8.66073,63,63,21.2979
42,4.82926,3.38678,53,51,67.9362
44,2.49649,1.2682,56,0,-nan
33,17.5803,3.2131,42,39,145.848
34,9.59464,1.54133,43,39,140.646
44,15.3816,6.39637,56,55,55.0563
44,7.07412,2.22449,56,54,67.1227
43,6.94219,6.2717,54,52,54.9538
44,10.9898,3.54856,56,55,55.4263
34,10.2748,9.32371,43,0,-nan
30,11.0752,5.5718,38,0,-nan
41,12.808,5.31694,52,50,61.452
38,8.22121,5.80188,48,46,72.4456
49,6.24883,9.27706,62,60,51.3535
34,13.6552,4.08371,43,41,99.2547
49,5.45553,9.29808,62,62,18.5239
50,9.26979,9.64286,63,63,17.603
33,1.69128,0.00600433,42,39,149.425
46,17.9919,1.91281,58,54,93.5119
43,4.72781,7.4575,54,0,-nan
33,10.3329,0.647356,42,0,-nan
50,8.59714,9.11446,63,63,15.0582
35,7.81436,2.37599,44,42,92.4947
37,19.9453,9.81501,47,45,85.5637
30,13.187,8.45382,38,37,106.841
32,18.2337,1.54713,40,37,150.029
38,4.93495,4.21037,48,46,72.2765
43,12.2946,0.263373,54,52,61.6248
36,11.4793,1.75729,45,43,89.4726
39,18.747,4.2543,49,47,74.2259
49,8.78179,9.54073,62,62,19.1712
41,18.308,6.26386,52,50,63.2525
45,17.0349,8.25554,57,55,55.1905
36,6.46636,9.19323,45,43,85.8555
46,12.9823,9.58428,58,55,69.8484
35,2.31096,2.64569,44,42,91.9179
36,11.4631,9.95437,45,43,89.745
31,18.8854,6.10328,39,0,-nan
43,14.5011,0.419162,54,52,61.0433
32,13.9178,2.53979,40,38,101.046
36,8.73113,1.85892,45,41,139.307
46,9.89188,8.32628,58,56,52.795
37,9.32386,5.39627,47,45,81.261
42,8.50955,7.88122,53,51,60.5997
33,10.7067,0.153417,42,39,143.557
49,2.36952,8.31931,62,0,-nan
46,1.13759,8.89749,58,58,30.3381
49,0.756662,5.91011,62,60,50.8667
42,10.7973,2.97064,53,51,59.0841
33,15.355,8.55231,42,39,147.415
30,9.2585,2.08639,38,37,93.7563
36,11.1644,4.87029,45,41,131.652
36,7.37885,2.2437,45,43,88.9449
38,17.0847,4.58187,48403,48242,30.6819
28,15.6511,3.55607,35665,2420,104.614
34,2.77297,4.97948,43308,14259,39.847
23,9.392,6.62309,29296,29177,28.9544
89,19.1174,9.82198,113366,37182,1278.99
97,0.472048,1.62037,123556,1868,106.504
90,7.72698,2.5067,114640,106606,1082.57
83,5.04184,8.80312,105723,99995,671.12
40,10.1239,5.3326,50,48,80.647
42,8.57076,7.08563,53,48,119.714
34,6.83918,9.41143,43,39,151.154
31,3.44105,9.89935,39,36,157.2
36,1.58898,8.09262,45,0,-nan
45,4.36366,3.70274,57,55,67.4551
48,3.33721,9.47619,61,59,59.9061
48,3.04291,9.163,61,59,60.7522
47,16.7704,8.71771,59,57,63.0716
37,17.2758,9.85475,47,43,159.816
39,13.4373,9.34924,49,47,82.4122
48,17.0676,5.16454,61,59,63.9844
41,0.213232,9.90491,52,50,76.3394
37,6.99598,3.54112,47,47,23.9137
31,4.93923,9.43378,39,36,156.942
46,8.23476,4.44476,58,56,52.8269
49,10.9804,8.29536,62,59,68.2469
49,16.0742,1.99215,62,60,49.7139
38,11.1276,5.32266,48,44,123.906
45,15.0065,6.15451,57,55,60.6348
47,12.0129,1.78017,59,57,50.5224
47,10.0263,5.36857,59,57,53.2571
41,0.594769,1.20769,52,0,-nan
45,10.065,0.665229,57,0,-nan
31,7.51311,9.94272,39,36,166.406
47,3.57947,9.96701,59,57,61.4503
33,5.43983,3.4338,42,40,95.583
36,6.03761,7.14268,45,41,147.829
36,7.31453,5.81893,45,41,139.913
42,1.28512,5.68777,53,0,-nan
50,5.68864,5.979,63,61,48.8571
40,15.9806,4.6096,50,48,89.5509
45,6.94713,6.33791,57,52,114.316
40,5.1289,1.51451,50,48,77.4883
32,12.1092,4.08738,40,36,178.325
37,16.8863,1.00376,47,43,138.859
50,11.9301,4.11174,63,0,-nan
30,2.66809,4.68393,38,35,168.791
36,2.95441,1.38643,45,0,-nan
34,9.16171,1.31684,43,39,151.481
45,11.1079,0.290801,57,55,61.7545
45,5.7165,9.4407,57,55,70.6157
43,14.9869,3.54837,54,49,116.788
48,17.3414,0.453658,61,0,-nan
33,3.42793,4.42321,42,39,149.207
43,12.9326,8.58289,54,52,66.6266
49,17.435,1.70985,62,62,33.2821
50,7.93894,7.99104,63,63,18.9724
48,7.24394,5.08014,61,59,51.7583
41,13.7447,1.90225,52,50,74.3945
45,6.3704,4.81968,57,55,70.9951
36,4.3919,7.312,45,41,137.583
30,3.07228,9.59451,38,35,174.158
41,0.611121,8.3367,52,47,121.872
50,0.413331,9.40752,63,61,48.9338
41,16.4847,5.32284,52,50,76.4135
46,5.41212,3.98559,58,56,56.3776
30,6.61282,3.35768,38,37,105.211
37,19.2119,7.97536,47,43,142.402
32,2.33182,8.70284,40,37,148.471
48,19.3732,3.91556,61,59,55.7436
47,0.482683,6.12559,59,57,58.0291
38,18.1832,8.94706,48,44,131.932
50,3.90458,9.46427,63,61,52.5773
45,12.5368,5.00901,57,55,58.9334
44,6.98785,2.86921,56,54,64.6714
39,7.09171,6.18622,49,47,77.2169
45,15.4992,0.971008,57,55,57.8743
49,2.89565,3.67169,62,60,51.9879
37,1.72154,3.56398,47,43,132.469
31,9.91798,4.72246,39,36,154.073
31,9.78044,7.68073,39,38,101.198
33,17.3505,2.32068,42,42,25.648
42,7.40233,1.31556,53,48,129.055
49,18.4418,5.39503,62,59,54.2887
40,17.219,7.63591,50,47,90.1816
33,8.12038,6.38145,42,38,157.681
38,13.1726,4.3111,48,44,127.378
47,7.46209,9.39579,59,57,58.1937
31,5.55239,2.38333,39,36,158.988
39,19.6995,8.78982,49,49,27.5115
43,9.47327,4.3764,54,0,-nan
38,3.46633,3.96854,48,0,-nan
39,7.19473,4.93156,49,0,-nan
31,8.3282,9.15492,39,36,162.593
50,1.75153,5.62872,63,61,48.3533
43,10.8768,8.80964,54,52,66.218
39,3.09669,7.78835,49,47,86.5977
34,14.8379,2.48942,43,39,147.552
30,13.9857,3.09438,38,35,169.767
49,12.7643,6.82177,62,60,46.7385
35,6.06005,5.23007,44,40,144.636
48,13.5543,7.47899,61,59,52.6805
44,11.7063,8.34621,56,54,63.0507
48,11.1349,8.86512,61,59,67.3041
38,6.19582,9.45599,48,44,129.588
35,13.0325,2.82847,44,40,141.407
41,13.8876,8.12954,52,50,68.0244
40,16.7466,7.30546,50,0,-nan
50,1.06827,8.36555,63,63,26.1476
37,15.627,1.87275,47129,47017,57.0547
22,13.4768,5.33407,28023,27934,14.3076
30,4.1594,2.46925,38213,38197,39.1294
25,4.088,4.93464,31844,31728,44.2836
85,18.8233,6.42927,108271,100547,714.755
88,7.29606,8.82712,112092,106968,702.527
100,10.3025,6.6756,127377,127217,11.2121
91,6.72242,1.73748,115914,10920,602.145
37,6.83177,0.443461,47,42,149.903
32,11.4276,6.11419,40,34,249.681
43,15.7855,5.88191,54,51,75.0949
31,11.2547,3.19913,39,33,264.94
45,8.78524,4.12349,57,54,66.4434
44,12.4848,8.27029,56,53,74.5474
41,11.1162,5.96823,52,47,123.727
40,10.7238,2.21735,50,45,128.494
31,15.6938,4.95694,39,33,260.203
40,3.03445,3.13961,50,47,85.8651
35,11.2497,2.46564,44,37,226.437
40,9.42348,6.88606,50,45,127.684
38,13.6176,6.53985,48,43,157.246
47,9.32797,1.38816,59,0,-nan
45,19.9189,9.24501,57,57,27.3127
38,4.31302,2.59301,48,42,184.606
41,1.3071,4.39383,52,49,80.6265
49,14.7656,2.65618,62,60,53.8785
34,8.17018,7.09683,43,36,242.51
36,0.00873,8.20596,45,40,190.713
46,9.35048,5.70687,58,56,52.2276
39,6.70163,7.15807,49,44,133.157
45,0.79292,8.27696,57,54,73.344
43,13.42,7.55364,54,51,78.9117
31,10.0175,6.59027,39,33,255.241
38,4.77255,3.28929,48,43,152.435
35,7.25314,1.24509,44,37,234.471
46,8.0501,9.52356,58,56,61.9811
38,9.75274,1.09187,48,44,133.195
40,15.0467,0.917032,50,45,128.268
35,7.58482,4.63867,44,38,217.682
37,14.6408,9.47943,47,40,213.663
36,15.9295,5.11722,45,40,161.557
37,6.8385,2.01935,47,42,147.361
47,16.1455,2.11654,59,57,55.3631
32,15.8485,8.00503,40,34,245.895
50,9.24,2.14895,63,0,-nan
44,16.8908,2.91191,56,53,71.4681
45,10.6059,8.51522,57,0,-nan
35,5.54895,1.75577,44,37,226.047
30,14.8105,0.387734,38,38,27.6196
43,7.62197,5.9209,54,51,84.4739
33,13.3159,8.0645,42,36,233.135
47,9.78864,0.604877,59,56,67.758
49,4.57057,5.89764,62,60,58.2813
33,17.2435,8.1105,42,37,182.389
35,9.91344,2.27978,44,38,240.312
50,10.5852,7.3214,63,61,45.3952
34,9.65851,6.7735,43,37,225.433
38,4.99298,2.53635,48,43,157.018
37,15.1605,6.4262,47,40,212.661
38,19.1893,3.08267,48,43,149.591
38,10.763,2.79269,48,44,135.252
38,14.1481,4.44892,48,41,205.478
36,13.8844,2.54335,45,40,163.507
38,1.97955,7.09707,48,44,139.272
38,0.549566,8.64742,48,43,157.571
30,2.15036,1.14356,38,38,28.9602
32,5.61587,0.63383,40,36,199.278
46,16.4423,1.60375,58,6,559.517
47,12.4976,8.55412,59,57,64.3664
39,7.31021,8.16742,49,44,140.11
47,10.9109,8.5961,59,57,55.7086
50,18.5395,9.28573,63,61,51.0616
37,3.38245,0.0119559,47,40,213.692
42,15.9838,3.82562,53,48,118.061
35,9.45561,4.91494,44,37,236.485
37,0.665632,1.29466,47,42,171.845
49,17.1942,8.22893,62,60,49.7964
40,15.6287,4.75198,50,45,133.79
45,19.8906,9.62996,57,54,73.7955
31,6.37392,6.90759,39,35,191.98
34,16.4674,3.09422,43,38,178.699
46,9.8698,8.42075,58,56,65.6407
35,4.5891,0.526745,44,37,227.459
43,2.95857,3.51452,54,54,33.2047
48,17.4938,8.5086,61,59,53.0534
48,17.5636,9.08142,61,0,-nan
32,16.6161,2.52766,40,34,248.263
39,14.0699,6.51108,49,0,-nan
42,12.9327,8.38641,53,0,-nan
41,5.9644,9.16851,52,47,122.032
40,4.62181,5.29133,50,45,130.902
42,2.92624,9.90875,53,0,-nan
32,17.7709,2.20656,40,34,252.2
36,9.002,0.83827,45,40,167.017
34,7.83558,5.07953,43,36,244.231
43,17.4623,3.71778,54,51,81.965
42,19.7838,6.65256,53,50,87.3038
44,18.6476,0.792485,56,0,-nan
34,17.0191,5.76238,43,37,233.968
37,1.4134,0.306781,47,42,150.355
47,4.73904,6.63862,59,57,58.8479
42,2.27507,7.79498,53,0,-nan
47,1.51322,1.82018,59,57,64.8439
34,1.59446,5.94128,43,37,240.247
37,10.71,7.10463,47,42,159.255
31,18.5169,4.17273,39,39,30.6992
43,2.32883,9.74058,54,51,77.1081
43,14.7576,4.4874,54,50,93.546
36,14.1693,9.16368,45855,45767,55.4455
36,11.3023,7.11208,45855,11613,124.33
27,5.54593,9.95896,34391,7825,126.049
27,18.784,3.24614,34391,5882,283.225
81,18.5291,3.03656,103176,93637,1282.98
80,14.1201,6.03393,101902,86834,1422.06
90,12.8782,0.844496,114640,24290,938.875
99,8.403,4.67184,126104,89148,1531.97
33,3.53968,5.55427,42,38,152.552
43,14.2846,5.1427,54,0,-nan
31,4.7319,2.35239,39,36,167.881
31,19.0683,6.49892,39,36,165.595
34,15.9815,0.154364,43,39,150.416
42,0.605989,2.83783,53,51,84.0774
33,18.8953,2.46028,42,38,157.637
32,18.4048,5.2717,40,36,182.334
37,14.6172,1.19618,47,45,86.8155
42,8.79296,6.42452,53,0,-nan
31,9.06214,5.58204,39,35,167.817
32,1.77935,8.60757,40,37,156.204
35,7.02191,3.17483,44,7,759.933
35,11.6599,9.23521,44,40,147.227
38,14.8986,9.05629,48,44,136.1
30,0.391275,0.741262,38,35,182.295
34,11.6339,0.492243,43,38,179.528
49,13.4571,3.32021,62,62,30.3057
30,5.21267,8.87105,38,34,192.51
48,5.01094,0.257464,61,58,86.7565
45,6.68808,9.63358,57,54,86.5045
31,3.37702,8.94758,39,36,178.37
49,0.991176,5.34618,62,60,48.0962
41,16.775,4.442,52,50,65.3922
32,12.5219,3.23788,40,0,-nan
30,5.96574,6.61162,38,34,200.065
36,9.06634,9.05632,45,41,150.175
34,10.0626,1.90443,43,39,141.118
40,12.191,6.36486,50,48,76.0351
37,8.80843,6.14629,47,45,78.5358
42,9.481,3.29834,53,30,128.853
33,13.3009,4.34926,42,38,152.508
48,4.91182,3.89647,61,61,23.8248
33,8.5481,2.52419,42,42,20.2836
41,0.181875,0.145649,52,47,145.471
48,14.8106,5.00625,61,56,92.5212
50,6.55003,0.186162,63,61,49.5245
37,11.1134,1.13988,47,45,89.8608
34,18.2574,5.64406,43,39,147.879
37,1.93618,2.19475,47,0,-nan
35,18.5131,0.484668,44,40,154.218
41,9.52743,2.40116,52,50,68.4882
45,11.6449,2.58062,57,55,52.9727
46,2.23574,0.756097,58,0,-nan
43,5.71321,7.372,54,52,69.9337
45,1.55429,7.63811,57,55,57.5312
42,2.39175,2.84971,53,51,65.7532
50,13.2315,6.65176,63,61,62.8301
40,12.0731,8.46686,50,46,126.378
35,16.2412,3.17045,44,40,150.248
49,3.9507,8.03278,62,60,61.1634
40,13.9865,8.85333,50,48,78.0787
45,18.4537,5.99083,57,53,96.4972
34,7.68513,0.561136,43,0,-nan
43,7.35552,5.67917,54,0,-nan
35,7.47449,8.87136,44,40,151.436
30,15.6869,3.3093,38,35,181.953
31,17.688,8.92949,39,36,167.097
49,12.0198,3.29225,62,62,24.2796
40,10.5529,4.50472,50,48,79.3419
46,5.62192,3.19262,58,56,57.4035
31,14.1377,0.209307,39,34,184.695
36,3.63866,8.24514,45,41,139.3
50,13.1743,9.10713,63,63,25.2669
49,14.228,5.01496,62,62,26.3155
40,4.97968,4.78202,50,48,72.1511
31,11.8195,3.64366,39,35,175.768
49,5.83196,1.61831,62,0,-nan
48,11.4927,2.78616,61,0,-nan
42,9.53589,5.93997,53,51,61.5941
38,9.8633,4.53741,48,44,127.521
32,2.9674,6.1345,40,34,266.282
35,15.5841,3.86776,44,42,99.1416
50,12.3373,5.52593,63,63,28.3242
42,10.7364,5.65841,53,51,63.4593
47,8.69819,9.39319,59,57,52.4687
43,6.86724,0.635697,54,49,120.581
37,1.95443,3.85178,47,45,83.3476
38,5.77001,5.65959,48,46,80.4621
47,2.58731,0.638871,59,57,43.3854
45,6.1659,7.98305,57,0,-nan
39,2.45542,3.96062,49,47,92.7766
43,5.77718,6.61418,54,54,33.9782
45,18.6578,4.88588,57,57,21.2146
33,7.21363,5.2582,42,0,-nan
43,16.2525,6.04782,54,50,97.0879
45,4.7945,1.34943,57,0,-nan
46,11.8278,9.64721,58,56,55.7655
30,4.72965,0.815704,38,35,178.579
37,3.30949,8.49059,47,47,28.4529
40,1.27388,4.70294,50,48,91.4174
39,16.7668,5.38349,49,47,73.1961
47,15.9238,5.7983,59,55,58.0719
40,12.8439,7.2437,50,48,74.9269
46,11.8916,4.77523,58,56,51.7017
30,16.9931,2.42657,38,35,177.738
39,8.38752,1.38079,49,45,126.406
42,3.14605,0.21593,53,51,65.465
47,7.91104,2.1757,59,55,98.0504
36,8.44701,0.609246,45,41,141.506
35,12.7116,6.45456,44582,43727,158.842
30,9.12788,8.89009,38213,32921,76.666
23,6.93236,7.44873,29296,29244,36.7608
29,13.48,1.55768,36939,36806,84.4656
98,18.2348,9.6439,124830,87367,1546.62
93,0.944095,3.24068,118461,72009,1577.79
100,15.4538,5.0134,127377,3166,292.23
86,10.0836,7.60619,109545,109326,44.7676
30,0.247598,0.665139,38,35,177.482
33,17.1414,4.17126,42,40,98.9944
39,13.6783,8.82286,49,44,133.344
32,6.88199,9.7987,40,36,184.078
43,3.17786,6.18518,54,51,104.214
40,8.72721,7.40543,50,46,135.337
46,6.67432,8.95232,58,56,64.5908
45,6.08571,8.32599,57,53,91.0626
43,13.5406,7.43541,54,0,-nan
45,14.5516,9.70944,57,55,67.7424
48,6.87455,8.69843,61,61,24.1818
45,14.1352,0.329086,57,55,69.8176
32,0.426358,9.80977,40,36,175.768
45,13.9918,7.08225,57,55,65.023
32,9.87836,8.86751,40,0,-nan
42,16.4695,8.88951,53,0,-nan
47,1.9606,6.59071,59,57,57.6636
48,12.1484,3.98424,61,59,60.4203
47,2.25517,0.645266,59,57,59.98
40,10.013,2.30897,50,45,129.174
44,4.02578,3.56028,56,51,116.309
44,0.0523992,0.737134,56,0,-nan
32,1.18943,2.41539,40,36,178.589
39,0.129913,1.33041,49,46,93.7286
32,15.0262,9.88543,40,40,27.241
43,7.15883,9.93396,54,51,82.3844
37,10.8797,6.86761,47,42,160.984
43,12.0751,4.28536,54,54,30.3401
42,14.6291,1.6378,53,50,80.8976
34,2.57014,1.37549,43,41,92.2282
49,11.3772,1.958,62,0,-nan
30,11.961,9.21914,38,35,174.336
39,13.8942,2.67577,49,44,139.649
30,10.2577,3.02903,38,35,176.507
35,4.21823,8.17476,44,40,149.273
44,13.7727,2.00752,56,54,69.5855
50,3.86005,8.22343,63,62,31.1389
31,5.33618,9.36786,39,36,166.397
43,5.90882,2.77285,54,52,78.3709
38,18.3233,2.63368,48,43,160.263
40,2.21565,0.581601,50,45,132.981
39,11.4329,8.88135,49,45,132.596
35,9.97387,7.09675,44,44,23.0058
45,14.6828,0.907316,57,55,65.2601
37,6.85575,8.84643,47,43,143.221
35,5.86517,7.16572,44,0,-nan
48,14.8701,3.41964,61,61,31.4745
50,15.8778,5.98207,63,63,24.3356
46,14.4878,0.160278,58,56,60.2889
32,7.48936,3.8045,40,36,161.697
40,12.7408,9.6393,50,0,-nan
42,8.78381,4.624,53,50,87.9339
31,6.14445,9.18901,39,0,-nan
31,1.22214,6.67335,39,36,166.198
50,0.826556,8.81499,63,63,21.2869
32,12.9693,0.645637,40,37,163.247
42,10.8242,7.97112,53,50,81.7985
31,13.2255,6.71536,39,35,174.74
44,18.4238,5.95072,56,54,69.3236
34,4.66353,7.40563,43,41,96.5041
45,18.7463,7.83112,57,55,63.2367
44,0.96526,2.25114,56,54,67.5569
46,16.3664,7.89413,58,56,58.2476
50,7.80915,8.92854,63,62,35.2372
40,5.07363,0.0179603,50,0,-nan
38,13.9756,5.73843,48,43,148.317
49,14.1833,2.37239,62,60,54.1922
40,10.9984,1.94196,50,46,138.268
48,5.7912,7.34339,61,59,55.6146
45,3.44296,7.12797,57,55,66.6594
32,19.836,9.44492,40,38,103.558
32,19.5609,5.36141,40,0,-nan
36,14.701,4.6413,45,41,155.274
33,14.8047,2.63112,42,38,161.501
48,16.8837,0.790065,61,61,22.9425
50,14.4378,5.27181,63,61,53.4517
37,16.2408,2.76285,47,43,163.592
46,6.34527,8.62215,58,56,62.4172
44,14.9241,8.79152,56,54,66.6109
33,11.1048,4.76661,42,38,164.814
49,19.3991,7.57964,62,60,51.5521
36,18.9465,8.75279,45,41,145.927
46,6.93266,7.93702,58,56,56.0145
48,14.3894,9.86307,61,59,53.8519
33,16.6563,8.30984,42,30,130.792
50,3.50295,1.25743,63,61,53.7348
36,1.75342,7.61927,45,41,144.486
49,6.19338,5.57664,62,60,56.0553
38,9.67564,4.97884,48,44,133.177
30,7.97136,6.1887,38,35,178.974
47,5.52866,3.64354,59,56,63.7761
41,12.1201,0.460145,52,47,128.615
46,7.10856,4.95792,58,56,66.1197
38,3.41255,6.69241,48,48,48.0442
46,2.26978,7.73024,58,55,83.9488
47,12.3916,8.91192,59,57,55.6381
41,6.06494,5.65694,52,47,121.038
32,7.7753,6.25907,40,36,166.137
50,13.4932,4.61088,63,62,31.5221
50,2.13644,6.7311,63,21,42.5803
33,11.2539,3.7455,42034,41942,72.6849
24,6.9534,0.668092,30570,30410,62.4929
20,8.31879,4.93845,25475,25363,53.9433
31,8.17599,9.86923,39487,39433,34.5945
95,17.9406,6.25119,121009,59987,1502.47
85,7.76811,0.447435,108271,6104,103.416
89,18.0294,9.18229,113366,90909,1395.1
94,11.7643,0.540551,119735,85514,1582.76
47,16.9556,5.776,59,57,63.9025
44,19.9983,3.19976,56,53,72.476
48,2.62461,5.29334,61,58,65.3314
32,14.6957,3.09843,40,36,186.762
31,10.3741,2.21606,39,34,205.951
38,16.8483,1.97298,48,44,134.185
38,14.4534,5.44437,48,44,130.197
37,13.7666,1.38034,47,42,155.396
49,12.464,3.67465,62,60,49.3606
47,0.310184,2.9943,59,57,57.0791
45,4.68696,1.81483,57,54,78.9625
37,6.49109,2.0506,47,43,139.819
50,13.8307,6.4447,63,61,55.5753
33,16.3238,4.92929,42,38,181.425
46,4.85804,8.67879,58,55,75.5769
34,12.5478,7.03777,43,39,169.557
40,12.2874,2.68913,50,46,124.072
48,10.8398,4.64827,61,59,57.1737
43,19.2978,2.41949,54,49,124.095
31,15.0153,4.36047,39,35,195.923
43,1.36337,7.48699,54,49,117.806
36,16.7278,2.52664,45,40,166.139
36,1.38769,9.48466,45,41,161.333
37,3.48493,8.21882,47,43,142.305
33,17.5306,6.53299,42,38,163.454
34,8.35192,3.25624,43,38,182.317
38,12.693,4.67884,48,44,124.186
32,14.0876,6.66623,40,36,177.545
45,17.0673,6.91079,57,54,77.8414
32,16.3317,6.60475,40,36,189.596
35,13.2734,0.617671,44,40,154.456
47,10.6212,4.08897,59,57,58.5587
30,2.8765,1.45508,38,34,201.198
47,11.9673,3.53386,59,57,58.3725
50,8.25458,6.20387,63,61,49.4665
39,12.7348,9.00874,49,45,124.759
50,1.17008,6.26064,63,59,72.0949
45,19.5588,7.59583,57,54,74.1135
31,13.5603,9.90164,39,35,191.423
40,14.7105,3.07261,50,46,134.643
46,5.91824,0.678535,58,55,67.9008
37,13.3384,5.36161,47,43,134.7
47,8.30274,1.61287,59,57,63.4734
44,7.12996,1.05854,56,53,80.025
31,7.99839,0.320796,39,37,109.848
47,10.1761,6.69338,59,57,58.0484
34,7.34837,3.98957,43,39,177.145
50,18.524,5.31244,63,0,-nan
32,16.9023,1.85364,40,36,181.798
50,18.7376,4.4386,63,60,55.061
31,1.5309,1.24587,39,0,-nan
44,3.58118,0.394669,56,53,74.4499
38,13.8352,2.3872,48,48,26.8129
49,14.7591,2.78557,62,59,63.9777
36,14.2977,1.95087,45,41,151.479
49,18.4643,2.41987,62,60,59.6315
34,5.96158,2.63295,43,42,44.7535
31,8.76317,4.50124,39,35,179.759
40,4.8278,8.60914,50,46,126.326
48,18.7741,0.306597,61,59,53.5085
44,11.8708,2.46968,56,53,71.414
36,7.79279,4.29297,45,40,170.266
35,9.09408,7.54316,44,42,97.3345
50,2.44404,8.74994,63,61,51.9346
31,15.9192,5.02091,39,38,98.2559
36,2.97151,6.69478,45,40,165.584
45,16.5472,1.10116,57,54,75.5695
32,16.1647,2.26561,40,36,186.376
47,0.0897159,1.90062,59,57,57.7172
47,17.3501,8.31596,59,56,69.6219
46,9.80862,4.35237,58,58,21.638
33,16.1544,4.58826,42,38,165.027
38,13.8178,5.41489,48,44,124.525
37,17.2721,9.73625,47,43,143.863
34,3.03093,5.92173,43,38,175.226
33,0.177418,1.15043,42,0,-nan
31,5.61419,4.89,39,37,105.315
35,10.7362,3.39252,44,40,155.348
50,4.07804,1.9234,63,60,66.339
41,19.6222,8.89441,52,47,121.803
31,12.6323,7.17623,39,35,192.933
34,15.4376,3.54491,43,39,163.403
48,8.08803,9.25981,61,58,71.8174
30,10.121,4.84026,38,34,201.556
34,6.09906,1.36147,43,39,158.378
36,10.7534,6.46699,45,40,159.363
47,18.7122,3.88917,59,57,59.4687
32,0.558947,1.50607,40,36,177.195
47,14.6215,9.14199,59,57,62.4149
44,12.6332,3.88681,56,53,71.0327
32,9.78343,2.58415,40,36,184.942
43,7.47346,5.53685,54,51,79.8129
45,18.2933,4.11755,57,54,75.9524
36,13.9813,6.14118,45,40,161.7
45,12.6481,0.685297,57,54,82.8004
43,7.79027,5.39721,54,51,77.5572
43,3.74246,9.93305,54,49,116.443
43,12.4044,2.30227,54,51,79.7984
32,19.0755,7.046,40,36,176.984
43,15.8259,2.85294,54,51,76.7286
32,9.79621,1.03643,40760,40704,39.3707
38,4.77901,2.44615,48403,48397,51.5928
37,9.70533,2.42816,47129,47023,55.8734
33,2.87199,8.18073,42034,41918,73.0928
91,17.6464,2.85849,115914,72844,1903.68
97,14.5921,7.65424,123556,111554,1081.8
100,0.605057,3.35119,127377,73803,1853.8
81,13.4448,3.47491,103176,80630,1429.87
44,13.6635,0.88687,56,53,88.4341
34,2.85521,2.22832,43,39,179.551
36,11.571,1.76382,45,40,179.898
32,2.5094,6.39821,40,36,189.021
40,17.5705,8.24693,50,45,133.003
37,4.96954,6.54057,47,47,25.7044
31,2.23243,1.93642,39,35,200.251
50,1.44758,4.43464,63,60,61.2742
33,11.3874,9.91388,42,38,185.807
50,6.0688,6.27922,63,63,23.0833
41,2.49937,4.93123,52,52,33.751
50,18.847,3.77212,63,60,59.7279
47,7.23514,3.07969,59,53,110.004
43,18.6558,2.77628,54,48,137.646
39,19.8377,8.49002,49,44,144.494
46,8.62604,5.18602,58,55,74.7136
32,2.6141,8.7876,40,36,191.932
47,9.53127,5.31231,59,56,59.191
39,16.3403,4.19365,49,44,146.815
43,0.0173546,6.41192,54,49,128.427
42,18.701,1.41369,53,0,-nan
49,13.4032,4.31614,62,62,32.8706
40,1.58584,6.55387,50,44,171.451
35,6.83985,5.10722,44,40,155.123
33,0.0348574,3.18054,42,38,172.063
47,9.54511,6.57858,59,57,59.1145
40,14.5062,2.49013,50,0,-nan
41,16.1002,9.04711,52,47,142.479
47,19.5054,2.18373,59,57,68.6484
50,10.0934,1.83401,63,63,20.2635
41,15.1695,9.27734,52,46,152.175
44,9.28143,8.95886,56,51,117.986
42,11.8588,0.234383,53,50,81.7518
44,13.6769,4.0387,56,51,126.893
44,12.2909,4.23303,56,53,78.7156
34,11.6969,6.01001,43,39,166.339
50,18.48,4.2979,63,59,76.3473
38,13.7815,5.82381,48,43,147.417
40,1.21172,7.03044,50,45,140.088
41,11.0978,3.51154,52,47,123.548
30,9.62083,0.775469,38,36,110.699
35,15.2438,1.84181,44,39,168.715
37,6.63172,6.12894,47,45,86.9528
44,19.5772,1.20975,56,31,140.376
47,9.14103,1.79522,59,53,115.041
37,14.4869,6.221,47,47,34.4763
40,19.8268,4.5595,50,45,135.612
50,1.17032,4.64275,63,60,68.0051
38,19.3169,3.547,48,43,156.923
47,9.98585,5.07265,59,57,63.9537
44,10.321,2.8524,56,53,77.1444
47,18.3784,6.16534,59,57,64.4347
46,1.526,5.58534,58,55,70.3105
46,8.29615,8.89779,58,52,117.541
43,7.76874,5.08669,54,51,82.0538
46,3.9591,4.19415,58,55,77.4287
46,1.09903,7.29483,58,55,68.6999
31,4.30071,2.28711,39,35,188.221
35,11.2317,1.26761,44,40,156.625
42,12.8846,3.20751,53,48,125.483
43,4.99511,7.10818,54,47,135.214
49,14.6204,6.33485,62,60,56.5359
44,1.82179,7.19215,56,53,77.5263
50,17.0788,8.5714,63,63,33.3534
44,6.7648,0.0239119,56,51,117.915
34,11.9674,7.65118,43,38,185.973
41,18.9111,9.82988,52,49,96.6344
44,1.33116,2.58927,56,51,130.944
47,14.3882,6.45785,59,55,75.1622
50,11.2573,9.50395,63,59,72.7385
39,19.7813,9.25987,49,44,138.431
33,12.7477,3.81517,42,38,182.407
39,12.9346,6.18843,49,44,141.533
41,19.7395,6.84144,52,47,126.465
40,9.1782,1.05344,50,44,150.409
36,5.91703,7.02905,45,41,152.864
46,14.9876,7.01715,58,55,65.0813
45,15.1271,8.16283,57,54,70.5815
35,13.232,5.05533,44,39,162.414
49,8.1397,3.02215,62,62,16.4316
34,5.86543,6.77282,43,41,94.4358
32,11.9287,8.33702,40,36,183.801
30,9.24351,0.582659,38,37,104.409
33,5.85247,9.81744,42,40,97.1277
35,15.5417,4.41311,44,39,181.055
43,18.0039,1.67654,54,51,86.9448
38,15.6712,0.159014,48,43,156.086
35,14.9245,7.43551,44,42,107.042
34,19.5674,3.30513,43,42,40.0087
37,17.2952,1.58492,47,47,25.1391
38,14.0382,1.52471,48,48,32.8414
44,2.82681,0.613509,56,53,76.4678
44,9.47808,3.27723,56,53,79.6251
34,4.55003,5.5899,43,39,163.308
44,3.02644,3.64035,56,38,168.972
39,3.18891,1.88251,49,44,140.785
45,1.41998,4.2092,57,22,165.04
33,17.0337,8.34541,42,42,38.6645
36,4.65767,9.48112,45,40,160.701
36,9.51518,8.97479,45,40,157.426
31,8.33855,8.32731,39487,33048,80.6726
32,2.60453,4.22416,40760,39234,223.615
34,11.0918,9.91793,43308,42929,136.097
35,17.568,6.49227,44582,3953,13.592
87,17.3522,9.46583,110818,93249,1425.53
89,1.41614,4.861,113366,83820,1562.9
89,3.18072,7.52009,113366,29848,952.233
89,15.1254,6.40926,113366,89665,1549.89
40,10.3715,5.99773,50,47,75.0098
45,5.71206,1.25683,57,55,75.9389
44,0.517327,8.23429,56,54,66.0128
33,10.323,9.698,42,38,151.495
50,4.76674,4.2778,63,63,40.366
35,13.0908,1.10812,44,40,156.497
44,10.0115,8.42846,56,56,22.9477
42,9.12851,7.48899,53,51,58.9162
39,10.3108,6.15312,49,47,72.0145
31,11.8273,9.56413,39,36,166.99
37,0.311774,8.04763,47,45,86.3512
43,11.2028,5.49363,54,52,57.5428
44,0.639484,9.71463,56,54,67.5984
31,0.987716,0.623317,39,36,172.953
33,14.8175,8.3013,42,38,175.657
38,4.70429,3.33422,48,46,84.6024
46,12.9409,4.88602,58,56,52.1219
47,8.2226,5.97639,59,53,110.22
35,13.3827,5.96787,44,42,85.7516
34,5.01956,8.46342,43,39,149.091
41,16.0386,5.3404,52,50,64.883
41,10.0785,6.10565,52,49,82.1084
44,1.7841,3.62308,56,54,60.1475
33,10.1949,1.99558,42,38,147.731
34,2.53923,9.8281,43,39,148.771
39,10.7382,9.90091,49,0,-nan
41,16.3195,0.30136,52,50,80.4871
50,18.1127,1.42799,63,63,40.6112
49,1.94359,7.45673,62,62,21.3758
47,3.85515,7.06327,59,57,50.2789
48,17.0657,7.93701,61,59,56.239
41,7.94152,3.82869,52,50,68.1777
33,0.841184,9.01364,42,39,152.723
40,15.3866,4.54354,50,48,76.4016
37,16.3273,2.26214,47,45,82.2321
30,10.659,3.01122,38,35,179.626
50,15.79,2.33511,63,63,23.1556
31,8.00417,4.05179,39,36,165.493
50,8.86323,4.15928,63,61,53.1819
43,7.48502,3.95052,54,19,168.258
35,13.3234,0.872402,44,39,164.013
33,17.1493,8.32206,42,38,166.246
48,4.9607,0.645068,61,61,19.0729
43,12.0243,1.36097,54,52,69.9419
41,10.2837,3.26959,52,50,63.4687
49,18.7977,5.74861,62,62,22.164
47,12.3051,5.12943,59,53,115.598
50,3.8166,3.97311,63,63,26.9505
44,1.7316,5.24036,56,54,57.3725
44,1.23404,5.70675,56,54,57.1236
35,19.1112,4.45897,44,42,98.2508
49,13.1757,1.936,62,62,25.3536
32,9.21673,8.78352,40,37,151.287
42,1.83315,5.01,53,51,68.7811
50,1.23989,8.22252,63,63,19.3786
43,9.45404,5.96843,54,52,72.2658
38,16.2364,1.95666,48,46,79.3227
31,19.8384,0.0730432,39,0,-nan
31,17.6357,3.92603,39,39,27.3032
36,6.99525,6.10847,45,43,84.1714
42,18.1195,1.74668,53,51,73.2641
41,1.44794,8.37668,52,50,63.5522
33,14.5495,6.84119,42,39,148.042
50,11.7137,8.39281,63,61,53.2352
35,17.6103,5.02691,44,42,104.554
32,0.963343,8.60759,40,0,-nan
37,1.27502,8.55861,47,45,85.4351
35,6.49749,2.91292,44,40,141.595
46,8.68675,1.01508,58,0,-nan
31,5.1645,0.691949,39,36,159.388
33,9.75384,4.16732,42,39,140.07
34,9.34122,3.04208,43,39,149.56
40,12.0515,6.96198,50,47,97.3694
45,2.20698,3.94663,57,55,59.9358
47,15.3254,6.1851,59,54,20.6011
39,11.6567,2.90766,49,47,76.9984
41,4.36105,9.14424,52,50,65.8387
34,19.5179,2.9332,43,39,143.532
40,2.38607,8.18726,50,42,206.118
35,16.6572,7.14995,44,41,115.362
37,19.0986,6.36946,47,45,81.9666
50,8.41982,3.12914,63,63,24.1607
33,10.3989,1.9055,42,38,167.006
36,1.58409,4.79463,45,41,138.386
35,4.98449,7.46475,44,40,142.977
50,5.25438,6.8861,63,63,29.6283
50,12.6301,6.42891,63,63,21.2462
38,9.29007,3.36494,48,46,75.4394
43,4.5134,7.46821,54,54,28.9405
30,1.9571,9.28302,38,35,175.346
45,18.293,0.465316,57,53,69.1455
46,18.1802,5.69022,58,56,65.3124
44,0.662782,2.43686,56,54,63.5063
31,15.1188,5.03862,39,35,175.876
43,13.4047,6.59536,54,52,63.1884
35,18.5874,8.36785,44,0,-nan
47,19.0974,8.48536,59,57,53.0801
44,1.66295,4.38861,56,54,58.3737
39,10.2399,1.91629,49,47,72.3024
49,3.2046,5.09664,62,60,51.8942
30,6.88088,5.61825,38213,37518,86.9623
26,0.430042,6.00216,33118,10192,60.4268
30,12.4782,7.40764,38213,38136,63.0443
37,12.264,4.80382,47129,47005,32.2523
83,17.0581,6.07312,105723,97902,1095.87
81,8.24016,2.0678,103176,0,-nan
100,5.75627,1.68899,127377,107243,1213.11
97,16.806,9.34362,123556,117663,879.168
37,7.07937,1.10855,47,0,-nan
35,8.56902,0.285393,44,43,60.5171
32,9.46368,4.70477,40,39,61.1421
33,18.1367,2.99778,42,0,-nan
38,11.963,0.308675,48,47,54.1696
33,1.21187,5.67567,42,0,-nan
36,17.7905,4.92051,45,0,-nan
34,16.8094,0.54334,43,0,-nan
45,9.23427,2.39235,57,55,50.3975
34,17.5859,2.84899,43,0,-nan
33,18.1242,1.16408,42,41,71.0331
35,3.55869,7.21514,44,43,60.2458
41,14.0438,6.34961,52,51,53.6641
41,3.31971,8.47036,52,51,52.2372
47,9.79717,8.11252,59,57,53.8622
30,0.782549,1.48247,38,0,-nan
38,3.2676,0.984485,48,47,54.7467
47,6.91404,6.64042,59,0,-nan
31,10.4252,7.74209,39,0,-nan
46,10.0218,0.514927,58,58,19.1486
39,13.3762,9.2671,49,47,60.3353
33,6.75393,7.89515,42,41,61.5094
48,1.98235,0.692298,61,0,-nan
31,13.5499,8.88399,39,39,64.6858
34,5.0436,6.4757,43,0,-nan
30,11.9314,3.22325,38,38,65.8414
42,18.1327,8.11265,53,53,32.6022
38,0.12521,3.80886,48,0,-nan
30,4.38181,2.72967,38,38,26.8954
45,17.6168,2.29253,57,56,49.4254
34,18.9619,6.59667,43,42,58.4742
37,6.60171,8.69852,47,46,55.3105
46,9.82353,7.79294,58,58,20.3166
37,17.0962,5.04838,47,0,-nan
31,0.363644,0.291245,39,39,65.3174
46,9.62116,0.0124954,58,58,23.1807
50,13.1001,0.372324,63,0,-nan
45,2.2269,2.27976,57,0,-nan
38,16.5147,1.28807,48,0,-nan
44,3.87226,4.38945,56,0,-nan
41,17.026,0.969336,52,51,52.4451
31,19.0548,4.80226,39,0,-nan
39,3.28968,5.16119,49,0,-nan
42,4.47138,1.51219,53,0,-nan
35,11.4263,4.74401,44,0,-nan
39,3.10859,5.27622,49,0,-nan
33,4.78339,5.69942,42,0,-nan
50,6.46288,3.30347,63,0,-nan
50,4.14618,6.93373,63,63,23.0614
41,12.4822,6.34085,52,52,23.102
47,7.9013,6.0655,59,57,61.2672
30,7.97308,7.70667,38,38,29.0186
39,16.9074,1.98166,49,48,53.2913
39,15.3702,1.12222,49,0,-nan
36,14.7109,1.35834,45,45,24.9368
40,14.9489,7.74266,50,0,-nan
30,11.3737,6.61854,38,38,67.9294
32,15.3759,7.85892,40,39,67.1903
47,4.03962,6.5845,59,57,47.5531
50,1.10586,9.00939,63,0,-nan
41,11.2438,6.38524,52,0,-nan
33,8.27547,0.418561,42,0,-nan
43,7.27721,6.49023,54,0,-nan
50,6.34851,8.21421,63,0,-nan
47,8.45597,0.0299162,59,59,18.4346
30,9.95926,9.56399,38,0,-nan
33,3.63893,7.28733,42,0,-nan
47,11.6639,3.23657,59,57,47.3544
46,2.98526,5.57231,58,56,48.7563
34,19.0717,1.87994,43,42,62.6084
47,19.7265,9.07482,59,59,19.7872
34,5.9347,2.26894,43,0,-nan
41,11.1683,7.73552,52,0,-nan
49,4.67446,1.05181,62,0,-nan
33,1.47264,1.31676,42,41,68.6628
43,17.3963,8.78633,54,53,49.5376
35,13.7345,1.27139,44,43,59.1547
44,3.90886,7.70356,56,0,-nan
46,11.54,1.31919,58,0,-nan
43,5.17463,1.27769,54,0,-nan
40,12.3318,5.96605,50,0,-nan
48,4.91084,7.92125,61,0,-nan
35,11.5544,3.2283,44,43,58.5468
39,17.3156,9.77176,49,0,-nan
36,14.4272,0.516392,45,44,57.6583
36,12.5049,2.09565,45,45,25.4442
40,9.5889,2.69881,50,49,53.5709
42,3.65564,9.29437,53,0,-nan
30,9.45929,1.63135,38,38,26.8707
44,6.61898,6.98113,56,0,-nan
30,2.54776,9.40587,38,38,69.3545
48,13.5335,0.766926,61,61,30.2173
43,11.8476,1.59654,54,53,50.5345
50,5.68762,4.48734,63,63,16.2449
42,3.783,9.55042,53,0,-nan
31,13.9861,4.85315,39,39,65.8808
48,16.7749,2.76152,61,61,15.2269
34,6.2921,0.431807,43,42,66.0686
43,15.8221,4.35141,54,54,35.9152
42,16.894,1.21849,53,52,59.7505
29,5.4231,2.90913,36939,0,-nan
20,18.2557,7.78017,25475,25434,32.1698
27,13.8647,4.89741,34391,8279,37.768
39,6.95999,3.11537,49677,49638,4.06408
96,16.4696,9.28775,122283,115722,758.833
85,1.88819,6.48136,108271,12960,419.189
99,10.9076,0.0267904,126104,2879,55.0862
92,0.167165,5.21234,117187,115496,193.82
30,0.495197,1.33028,38,35,155.632
36,14.2828,8.34246,45,43,82.4543
49,7.3564,7.64572,62,0,-nan
34,13.764,9.59735,43,39,145.506
35,6.35562,2.37037,44,42,92.1984
30,17.4543,4.81081,38,35,164.003
42,13.3486,7.90465,53,51,66.0409
39,12.1713,6.65199,49,47,72.6449
35,7.0812,4.87082,44,42,90.5251
39,9.10314,9.41882,49,47,72.2761
46,13.7491,7.39687,58,56,52.3902
40,8.27043,0.658173,50,48,71.1848
35,0.852611,9.61949,44,40,135.832
39,7.98369,4.16444,49,47,71.5685
34,19.7566,7.73503,43,40,140.229
34,12.9391,7.77898,43,39,142.602
44,3.92121,3.18137,56,54,61.1504
46,4.2968,7.96849,58,56,53.1729
44,4.51033,1.29048,56,54,56.1022
50,0.0260846,4.61788,63,61,48.6077
37,8.05145,7.12051,47,45,77.9421
38,0.104693,1.47421,48,48,22.9426
35,2.37876,4.83078,44,42,94.9458
48,0.259826,2.66081,61,59,48.4086
35,10.0523,9.77081,44,41,129.18
35,14.3177,9.86786,44,42,96.0559
45,1.75931,3.73516,57,55,56.54
36,4.15021,8.57067,45,43,88.7775
34,9.25812,3.2756,43,40,132.588
39,5.14017,2.75099,49,47,73.4989
47,2.75436,3.91601,59,57,56.4318
30,3.9221,8.43823,38,35,159.832
49,7.78821,5.35155,62,60,47.2667
30,0.515396,6.05805,38,35,163.958
40,8.43635,6.34952,50,47,82.5276
37,7.54535,4.01498,47,45,88.3649
50,7.72,6.4468,63,61,47.0304
32,10.6723,8.73572,40,37,145.703
35,11.8176,5.54565,44,0,-nan
47,16.6466,5.26731,59,57,54.7303
30,4.4312,1.1632,38,35,151.359
48,2.86569,7.76271,61,59,51.5748
41,19.9476,4.19344,52,50,69.6888
40,9.3657,1.81463,50,48,70.5485
45,13.7115,7.6928,57,55,67.6261
41,11.7303,4.33144,52,52,17.6264
46,9.74011,6.83928,58,56,53.5556
49,11.7554,1.96415,62,60,50.3714
42,8.97544,0.320503,53,51,59.9124
35,14.9787,7.609,44,40,136.284
30,5.48149,9.2786,38,35,167.884
34,17.5676,9.24795,43,39,142.008
33,12.2889,8.37798,42,39,138.918
33,2.44417,3.34665,42,0,-nan
50,1.65311,7.62999,63,0,-nan
34,5.93865,1.29122,43,40,134.791
34,1.64849,5.94219,43,40,138.797
32,6.45107,3.43067,40,38,97.5088
38,16.8475,1.90139,48,45,92.4414
38,9.32696,4.81126,48,46,76.3158
39,17.4926,5.66224,49,47,74.6135
38,1.93052,4.50222,48,46,75.5169
41,12.7326,5.78825,52,50,70.7408
50,15.6182,7.85708,63,0,-nan
30,10.1471,0.0358678,38,38,37.0198
47,7.95109,1.4768,59,57,50.232
47,8.36663,4.74477,59,57,49.8248
30,1.99669,3.88387,38,38,27.6964
45,11.5823,4.68678,57,55,59.9013
39,6.88593,4.25593,49,47,77.2771
34,19.6718,8.88978,43,40,144.252
35,19.1217,0.72276,44,44,28.7542
43,9.4019,9.2826,54,52,70.6993
36,9.60931,5.26219,45,43,82.1475
46,13.7672,1.58013,58,56,61.7296
50,8.8755,0.543569,63,61,51.5778
44,12.4814,5.52569,56,56,27.6702
42,12.6905,7.24425,53,51,60.7362
37,9.84806,7.58299,47,45,92.6854
37,2.20955,9.53323,47,45,78.4312
47,18.7981,5.15923,59,57,56.6223
43,17.893,7.50553,54,52,60.0378
41,13.8652,5.87399,52,50,65.4495
45,8.77871,9.72614,57,55,55.7642
37,13.3126,6.61962,47,45,85.9446
50,7.0058,2.51481,63,0,-nan
42,3.50674,5.23855,53,53,30.2718
48,12.3867,1.15329,61,59,49.3036
47,19.3512,9.95764,59,59,31.9355
30,15.9427,2.37735,38,35,157.067
43,11.0573,7.28709,54,52,62.1759
31,4.24021,0.920291,39,36,151.696
41,14.2171,9.91579,52,50,71.7006
46,6.8251,3.38483,58,56,64.2086
41,4.53955,5.46048,52,50,67.3696
44,4.78326,7.82379,56,54,59.9796
31,12.1299,1.31383,39,36,153.717
35,15.5505,2.51815,44,44,34.2386
49,6.9865,9.2217,62,0,-nan
49,4.27277,3.46219,62,60,45.82
26,2.50777,7.49094,33118,33027,24.2291
28,13.9068,1.33618,35665,35664,24.652
20,16.6376,9.87689,25475,25448,17.5665
22,16.352,9.73841,28023,27960,40.9614
89,15.8812,2.50239,113366,111508,364.755
90,15.5362,0.894871,114640,92170,1173.28
99,16.0588,8.36454,126104,102635,1289.51
87,3.52843,1.0811,110818,17204,620.541
44,13.9111,1.55201,56,0,-nan
37,19.9965,6.39953,47,43,152.803
45,5.24912,0.586679,57,54,69.0709
34,9.39139,6.19686,43,0,-nan
33,0.748241,4.43211,42,38,175.605
47,13.6966,3.94595,59,57,58.6129
47,8.90675,0.88874,59,56,60.9934
45,7.53318,2.76063,57,55,70.5029
47,4.92803,7.34929,59,57,60.2255
44,0.620262,5.9886,56,53,72.8777
39,9.37392,3.62966,49,44,133.592
45,12.9822,4.1012,57,55,63.9267
50,7.6614,2.88941,63,61,47.4441
37,12.6476,9.85852,47,43,136.62
41,9.71608,7.35753,52,47,121.735
38,5.09557,4.07548,48,44,139.449
50,4.5747,5.37826,63,0,-nan
45,1.67967,9.29655,57,55,68.2108
35,18.5954,4.83892,44,39,168.019
32,10.0304,8.72089,40,38,95.4013
35,2.72664,4.97398,44,39,166.25
42,13.4555,5.05322,53,48,121.779
43,2.77527,8.96926,54,51,72.9148
44,6.96976,6.43758,56,0,-nan
36,15.0611,3.06597,45,40,166.14
39,16.7038,6.51248,49,44,137.198
47,5.38582,9.35768,59,57,57.9354
34,8.17521,3.33242,43,41,91.8975
39,14.1344,3.82153,49,45,141.746
34,12.6635,3.20951,43,38,174.591
40,6.54671,1.23534,50,45,130.68
44,1.24238,8.17794,56,54,67.2833
31,5.75289,2.91011,39,34,240.143
44,3.93459,7.06773,56,51,113.538
49,16.5092,2.40773,62,60,54.069
48,5.46954,8.01747,61,61,27.2184
50,2.34006,2.52128,63,63,40.9989
39,19.1176,5.19167,49,49,29.9107
33,7.12054,9.80329,42,38,178.845
50,9.4211,6.14522,63,60,58.5037
41,11.8364,1.35702,52,47,118.412
45,6.67663,0.723161,57,55,62.7244
43,16.6055,3.22569,54,51,76.2215
38,14.2599,2.11707,48,44,137.6
33,15.9968,0.641592,42,38,187.113
43,0.351999,3.38672,54,54,27.3888
38,14.6967,7.97914,48,43,139.824
49,17.048,0.624819,62,60,58.8075
34,13.8046,3.70723,43,38,194.648
50,17.4751,8.87715,63,61,59.8692
33,3.06179,2.4917,42,9,731.61
38,7.16225,0.789284,48,44,133.888
47,7.67035,4.77435,59,56,66.4129
47,9.51818,5.57108,59,57,60.3574
43,8.5953,3.90168,54,51,80.4949
48,16.9284,4.83973,61,59,58.7641
38,11.9232,5.2659,48,46,81.398
33,17.5262,9.00248,42,42,27.4858
50,9.65549,7.21827,63,61,56.0836
46,17.5482,0.613142,58,55,80.1305
37,3.7414,4.9393,47,41,157.499
43,15.5856,8.58593,54,0,-nan
40,18.188,5.08627,50,45,129.363
49,4.88798,7.49989,62,60,62.3191
33,11.8383,0.0418194,42,38,173.934
42,5.94292,3.38956,53,50,84.0401
39,13.0944,2.20227,49,49,28.391
34,12.3294,4.53118,43,38,175.252
44,0.179326,3.80124,56,53,79.9203
44,14.7003,6.63192,56,54,67.5952
41,19.6171,8.70473,52,47,131.164
36,12.3086,9.17653,45,43,91.2367
46,7.63553,0.829734,58,52,110.484
44,14.5442,9.47251,56,53,72.9953
38,6.06175,1.84345,48,44,133.954
36,0.354731,2.3008,45,0,-nan
33,11.2283,9.77994,42,38,181.471
41,1.47234,6.78498,52,3,1789.77
49,8.15598,3.8468,62,60,54.1443
32,19.2445,7.78877,40,34,246.336
32,5.26451,4.35246,40,36,196.877
38,10.8751,7.08976,48,43,140.565
46,16.1761,8.51963,58,56,67.1126
31,0.24183,9.68046,39,37,98.8114
39,12.198,2.7229,49,44,137.245
42,1.50675,2.93392,53,48,127.514
44,17.4245,7.77829,56,53,82.3053
34,1.11779,3.01215,43,43,31.2173
43,9.24294,8.28392,54,0,-nan
37,5.26648,7.77356,47,0,-nan
35,19.5669,5.16825,44,39,172.592
35,14.9469,1.07365,44,40,156.432
40,16.5865,8.2351,50,45,130.938
42,7.96258,2.28232,53,7,507.868
39,5.29611,1.37059,49,44,132.561
36,15.5804,0.794375,45,41,150.91
35,7.48492,9.8661,44,39,173.425
36,4.80889,4.60449,45,41,146.312
35,18.1509,4.09194,44,39,173.75
35,11.6516,5.70589,44,39,163.127
24,19.5924,2.07281,30570,13417,29.7226
36,9.55792,4.89225,45855,45843,9.93428
34,19.4105,4.85632,43308,25068,107.973
26,5.74398,6.36145,33118,11498,82.713
85,15.587,9.10968,108271,644,56.8392
82,2.36024,8.10168,104450,100452,565.115
89,18.6345,2.53344,113366,103431,1180.03
95,5.20901,4.01546,121009,114178,947.998
41,10.619,6.66282,52,52,12.4429
48,2.85347,5.42809,61,61,13.4107
33,14.1955,7.05716,42,42,21.8414
35,17.205,9.49664,44,44,23.5271
42,7.9445,0.462986,53,53,18.4676
46,1.81786,8.5135,58,58,17.9565
40,16.6859,7.38079,50,50,19.1446
37,15.2141,5.81498,47,0,-nan
32,3.85145,3.58853,40,0,-nan
46,6.37887,9.27352,58,58,22.3594
35,7.18632,6.74606,44,44,22.5525
37,5.33804,5.82272,47,47,32.0017
47,1.06574,9.5244,59,0,-nan
46,14.9796,7.70556,58,0,-nan
35,4.69575,7.16881,44,43,65.6219
30,1.17382,2.22373,38,0,-nan
43,14.9015,1.47667,54,54,23.4961
45,0.371003,9.96058,57,57,25.3897
31,15.6379,6.61309,39,39,56.4877
44,15.0326,0.772338,56,56,15.3938
34,0.0642338,8.90068,43,0,-nan
34,10.1308,6.84273,43,43,15.2044
47,2.97342,6.03847,59,59,14.1021
42,10.3248,3.32599,53,53,12.195
37,17.5653,9.71353,47,47,19.9354
31,17.897,9.83482,39,0,-nan
48,7.19903,7.16892,61,0,-nan
43,10.1877,5.71329,54,54,11.9403
41,16.5727,9.09453,52,52,15.5616
31,6.42519,8.43876,39,39,53.145
47,8.44289,9.89501,59,0,-nan
41,19.9026,3.04778,52,0,-nan
43,14.7352,1.68941,54,0,-nan
40,5.64419,7.57256,50,50,20.4415
43,0.545519,0.436842,54,0,-nan
44,4.43169,5.01874,56,56,17.835
50,19.6501,0.558486,63,0,-nan
32,13.3402,3.41965,40,37,142.901
42,14.772,6.93208,53,53,13.9426
31,5.80833,6.58415,39,0,-nan
46,15.539,1.45395,58,58,13.6765
43,8.58209,7.20336,54,54,11.4383
33,14.9345,7.74182,42,42,23.2926
38,6.70712,2.26829,48,0,-nan
48,17.1394,2.11601,61,61,18.1166
34,4.66288,2.91433,43,43,52.7256
45,7.17514,8.54907,57,57,25.2562
49,19.6943,9.95518,62,62,21.3519
40,16.2193,5.40059,50,50,22.131
47,8.7233,9.51125,59,59,16.3048
45,11.8519,4.09822,57,57,12.3821
41,1.95951,6.55995,52,0,-nan
33,15.3612,7.97248,42,42,53.2333
44,3.05518,1.6833,56,0,-nan
50,2.06634,7.03751,63,0,-nan
45,2.42336,6.61401,57,0,-nan
30,7.0605,9.92778,38,38,58.7876
33,13.0638,6.78835,42,0,-nan
46,16.0594,9.87675,58,0,-nan
40,11.6587,3.51411,50,0,-nan
36,16.8658,9.5778,45,0,-nan
34,2.4131,0.627814,43,0,-nan
49,10.9158,4.73531,62,0,-nan
49,19.5228,7.32129,62,62,18.6597
45,2.68396,5.04482,57,57,17.5345
40,14.9388,4.34596,50,50,18.956
35,15.4583,0.930994,44,0,-nan
46,17.4958,4.85483,58,0,-nan
44,14.4778,8.35847,56,56,12.3039
47,8.60746,7.81992,59,0,-nan
35,9.5898,3.61218,44,0,-nan
37,8.9021,8.40344,47,0,-nan
47,6.7524,1.60327,59,0,-nan
48,17.0116,6.5777,61,61,16.5324
45,12.209,6.97511,57,57,13.0431
39,6.09435,8.17947,49,0,-nan
48,0.601707,1.90709,61,61,12.1458
30,5.86318,1.55535,38,0,-nan
34,17.31,6.97873,43,0,-nan
39,7.76194,1.91651,49,0,-nan
35,18.4977,3.94905,44,0,-nan
36,7.36627,1.88187,45,0,-nan
49,17.3314,9.84247,62,62,19.4038
34,15.9733,4.65764,43,0,-nan
39,1.64079,5.77454,49,49,16.2462
49,8.75722,8.14347,62,0,-nan
35,14.3834,4.04818,44,0,-nan
37,15.4834,8.94158,47,47,18.8084
30,14.1889,2.44706,38,38,61.4149
30,9.92836,5.47167,38,38,63.8084
41,3.82164,4.10881,52,52,14.5582
36,10.3003,6.15036,45,45,18.4642
39,7.77134,7.39478,49,49,15.9249
40,18.5314,1.73103,50,0,-nan
38,15.6744,4.3256,48,48,18.9009
32,10.9791,7.27972,40,0,-nan
37,5.16234,4.14225,47,47,30.1478
47,9.43814,0.647685,59,0,-nan
39,3.73312,6.52711,49,0,-nan
49,5.34093,1.82774,62,0,-nan
23,18.1347,9.36369,29296,5943,38.743
30,7.38344,6.67026,38213,13865,57.4945
31,0.796976,2.34609,39487,39441,54.2684
28,0.439983,4.673,35665,31546,38.7031
81,15.2927,5.71697,103176,964,86.5787
94,9.18425,5.30843,119735,114104,721.314
99,1.21001,6.70233,126104,81710,1660.03
82,6.88959,6.94982,104450,103330,132.821
37,7.32696,1.77369,47,43,139.707
38,5.71032,4.4566,48,0,-nan
42,3.14183,3.52763,53,50,80.1586
35,5.01869,2.79642,44,40,151.811
30,15.1409,6.49381,38,0,-nan
44,9.93898,3.0811,56,54,65.6405
32,4.46485,3.87283,40,40,24.3804
50,2.89505,8.86928,63,57,106.151
37,2.77487,9.82777,47,43,151.461
49,12.1375,2.55843,62,60,75.9546
31,4.99873,9.86246,39,36,167.079
50,17.6939,7.54423,63,0,-nan
44,14.4702,6.15933,56,54,64.727
35,17.3116,5.55255,44,40,158.279
49,19.6754,6.98003,62,60,57.6929
42,17.2521,0.371985,53,51,79.9459
35,5.2282,7.57514,44,40,148.882
44,19.0624,0.624612,56,54,70.0613
48,12.6804,8.3873,61,0,-nan
35,0.0347091,2.82384,44,0,-nan
33,17.4018,2.82739,42,38,158.476
47,6.80622,8.63223,59,57,59.0325
30,3.17168,3.10769,38,37,102.513
40,13.6797,0.214397,50,48,79.3421
37,0.0697148,6.36108,47,47,28.3429
44,19.0901,3.15715,56,51,118.047
50,9.01234,4.9802,63,61,43.0597
31,12.2003,8.09422,39,33,202.08
43,19.0108,4.36747,54,52,63.4657
50,0.186789,3.66797,63,61,53.4329
32,10.3391,8.55468,40,36,158.92
38,18.5628,7.91766,48,44,132.953
34,3.71758,0.468714,43,0,-nan
37,7.35379,8.0774,47,34,183.787
37,4.58187,8.466,47,43,138.468
39,3.39373,2.01996,49,47,81.8415
50,16.96,8.59575,63,60,70.0819
46,7.56297,1.64762,58,56,59.1723
30,2.42344,4.06087,38,0,-nan
32,2.19557,7.02308,40,36,164.282
30,19.2416,1.55088,38,37,105.664
41,10.4876,3.68361,52,47,128.286
45,13.2634,2.25789,57,54,73.9705
37,19.1542,2.41951,47,43,142.397
43,18.2821,3.59038,54,51,98.9097
45,8.97376,2.44194,57,55,58.3403
30,19.6535,9.119,38,0,-nan
49,2.34054,9.28549,62,54,126.074
46,18.6338,7.094,58,0,-nan
44,19.9716,0.1453,56,54,68.6505
37,0.641988,5.7048,47,43,131.62
43,16.7569,2.33062,54,51,80.0696
41,3.0519,1.17067,52,50,72.881
41,16.5922,7.79552,52,50,67.0425
35,15.5375,0.173331,44,40,151.727
42,7.9182,8.38829,53,51,64.0458
42,2.19795,4.58961,53,0,-nan
33,8.60142,4.57423,42,38,158.232
41,2.46338,2.53516,52,50,79.6718
33,5.76928,6.41502,42,38,153.085
35,9.99012,4.21631,44,40,152.479
47,9.24073,2.66964,59,57,51.6015
38,3.64347,4.3843,48,48,36.3486
49,14.1577,7.14275,62,0,-nan
37,13.5295,0.0478237,47,43,138.26
38,3.93475,5.30236,48,37,33.373
31,17.8222,9.65972,39,39,28.8091
37,2.66221,5.17848,47,23,238.286
43,8.77636,2.9157,54,0,-nan
49,2.51464,9.00791,62,60,58.4236
49,19.5625,8.51969,62,60,54.5752
37,5.49547,7.63035,47,43,152.449
48,5.86927,2.37682,61,58,78.0092
31,19.479,3.68288,39,39,28.9194
30,18.3563,2.10682,38,37,101.813
43,11.834,4.05809,54,52,64.7377
42,9.97524,4.03424,53,51,68.9721
39,10.254,6.32566,49,47,77.4075
40,6.464,0.110655,50,0,-nan
47,16.2794,6.0443,59,57,76.7113
38,11.7309,3.54564,48,44,125.34
34,3.85739,6.67399,43,39,155.956
30,18.4869,1.16527,38,37,120.797
37,11.7049,9.63483,47,43,136.433
40,11.0835,8.82617,50,48,80.289
35,16.0077,3.35303,44,42,110.94
47,11.3423,0.318028,59,57,53.5361
41,9.84892,4.87101,52,50,71.1282
39,19.1348,6.6102,49,47,90.5765
44,14.5903,3.16983,56,54,63.3141
47,8.07642,3.04942,59,57,51.5038
38,5.65362,1.22702,48,46,87.029
38,18.956,6.55441,48,44,105.731
38,9.10006,1.17975,48,43,150.215
37,6.05277,7.28066,47,43,139.167
49,6.37772,3.76502,62,60,50.1119
39,2.83986,8.41841,49,47,81.9446
37,14.0674,6.69083,47,43,130.662
42,9.31533,8.96223,53,0,-nan
42,19.0304,7.94959,53,51,64.489
22,16.677,6.65463,28023,21175,88.0857
24,5.20906,8.44826,30570,30291,55.8438
27,2.18351,9.8358,34391,34302,45.1156
30,15.136,2.98455,38213,38147,51.5533
98,14.9986,2.32431,124830,80562,1743.08
86,16.0083,2.51524,109545,92499,1427.36
88,3.78567,0.871234,112092,3281,144.709
90,8.57017,9.88417,114640,108850,620.68
34,4.03488,6.88455,43,42,84.7774
49,8.56728,3.48516,62,62,22.7494
50,12.0882,9.99811,63,63,28.2963
35,12.8323,6.09621,44,42,84.2661
40,2.33712,2.52468,50,47,85.0791
42,18.0602,7.64864,53,50,78.5711
45,12.244,0.364876,57,55,57.2781
42,10.576,1.92363,53,51,62.8814
43,1.69828,6.067,54,0,-nan
30,17.896,5.84329,38,35,147.079
48,2.81114,2.97885,61,59,62.7986
43,10.0498,9.26574,54,52,59.8617
41,7.87452,2.79427,52,50,62.7331
44,19.6435,3.39959,56,54,61.9982
42,14.6552,6.79131,53,51,60.3724
34,13.3303,8.52024,43,0,-nan
49,15.555,3.67356,62,60,27.8834
44,17.7539,1.28864,56,54,64.3594
44,9.7229,0.161525,56,54,57.3395
47,5.03692,4.87534,59,0,-nan
32,14.7394,6.75409,40,39,90.0575
39,3.4816,0.421791,49,47,80.8677
34,3.36993,0.176901,43,41,89.7314
38,17.0347,7.10281,48,46,68.4592
38,2.57409,3.00864,48,46,74.0917
35,0.283299,6.47949,44,43,82.7728
30,10.8256,2.79143,38,38,24.6676
40,14.2128,0.475096,50,48,64.6292
45,1.44897,9.64046,57,0,-nan
47,13.9485,8.89723,59,57,49.506
39,12.2352,7.21434,49,47,64.6227
34,17.223,2.78749,43,41,92.1053
46,12.6999,9.24797,58,56,52.782
33,9.06339,8.58224,42,40,99.8852
31,8.61823,6.49511,39,38,92.3169
34,2.35588,9.02123,43,41,89.4295
50,14.27,6.63296,63,63,17.9546
40,1.7856,9.8756,50,48,66.0801
39,10.0749,1.18972,49,47,68.3841
34,18.5827,7.46206,43,41,96.4512
36,2.94426,1.64782,45,43,89.7682
39,12.393,0.163812,49,49,25.7563
35,11.5924,6.77401,44,42,79.5196
36,11.6013,2.57073,45,43,87.9003
37,19.4246,5.06481,47,45,76.4303
36,13.2845,1.96955,45,43,85.1265
37,12.1318,9.68893,47,45,74.8726
49,4.98682,8.61586,62,60,49.5897
31,1.04842,8.78737,39,0,-nan
41,11.2198,0.779401,52,50,70.9534
49,9.43219,7.31132,62,62,20.4104
45,11.5541,8.10129,57,55,57.0704
48,10.7426,4.3688,61,59,51.465
38,10.1292,3.90773,48,0,-nan
42,9.00852,3.30915,53,51,56.3541
39,13.4131,0.162523,49,47,71.993
34,17.3353,9.25144,43,41,95.6443
33,4.13896,2.36016,42,42,25.2818
37,8.86732,5.19363,47,43,82.3414
48,19.8799,9.31598,61,58,66.6377
34,3.11449,8.85486,43,41,97.3989
39,16.0683,4.71147,49,0,-nan
48,16.3712,4.03334,61,59,54.5697
49,8.79245,6.96416,62,60,52.4965
49,4.37513,5.05083,62,62,31.1383
36,12.9307,6.25877,45,0,-nan
48,0.18604,8.38844,61,59,55.2939
49,7.82854,5.50213,62,62,22.9556
43,3.07498,7.47293,54,52,60.8331
31,16.4218,0.195904,39,38,94.4681
42,9.53512,3.42719,53,51,63.0886
38,2.08895,6.8572,48,46,76.6589
49,4.98603,3.15036,62,60,48.7256
35,1.94648,0.788069,44,43,80.0196
37,4.50357,7.23848,47,45,83.667
46,17.5736,9.93671,58,56,56.8159
37,19.3487,6.16134,47,45,79.8612
49,14.645,1.09603,62,60,50.0113
45,15.6181,3.24253,57,55,60.5232
34,4.79686,0.172047,43,41,89.0183
42,4.96405,3.14223,53,51,58.5403
31,0.348415,1.46616,39,36,147.766
33,19.6423,2.48811,42,40,94.8575
40,7.43646,4.61202,50,48,73.2838
41,0.52622,1.87781,52,50,59.6193
42,3.25817,8.56258,53,0,-nan
37,8.30113,6.58792,47,45,75.1675
44,4.21448,0.800443,56,54,60.8187
47,4.08071,0.77334,59,57,59.0122
37,19.2522,0.867942,47,45,77.335
33,12.3312,1.99002,42,40,92.5754
40,1.00697,6.30373,50,48,73.7356
37,10.1409,5.71409,47,45,74.9687
36,19.6689,0.628524,45,41,135.602
36,16.431,0.235713,45,43,79.165
45,1.77625,0.250309,57,55,59.6023
41,0.517387,2.69457,52,50,62.8478
47,18.6965,2.73402,59,57,64.14
46,14.8974,1.39735,58,56,61.3283
34,12.7198,4.07144,43,41,86.5374
20,15.2193,3.94551,25475,13230,45.8821
38,3.03457,0.226269,48403,47862,85.3362
24,3.56994,7.32557,30570,30212,52.4849
31,9.83198,1.2961,39487,39424,15.781
94,14.7044,8.93161,119735,113881,345.627
99,2.83229,9.72199,126104,3934,261.256
99,6.36133,5.04013,126104,105495,1293.67
98,10.2507,2.81853,124830,124794,13.1779
30,0.742795,1.99542,38,38,29.5821
39,11.4241,2.51366,49,47,78.1935
38,1.03455,6.46859,48,46,84.7848
36,0.645982,9.39599,45,41,142.222
49,9.53338,8.55555,62,58,73.8878
40,6.18141,2.21624,50,48,80.1897
38,0.0229584,6.85692,48,46,80.5064
34,18.2569,4.97798,43,43,21.3587
49,0.621699,2.30624,62,62,33.0936
33,3.65461,9.12821,42,38,155.832
44,0.623548,6.09525,56,54,63.6364
35,2.40565,0.987259,44,40,149.861
38,1.27897,9.42925,48,44,128.841
33,1.97543,1.24663,42,38,155.284
36,9.63488,6.60254,45,41,142.717
47,9.40859,6.66844,59,57,56.9078
41,5.8817,9.77203,52,50,76.1237
44,16.4452,1.95273,56,54,64.51
40,6.7655,1.93574,50,48,77.8009
39,10.039,6.92679,49,47,76.9301
31,12.0771,0.680796,39,39,23.1137
31,0.156987,2.2113,39,35,172.673
38,3.56809,7.24617,48,0,-nan
36,0.389633,3.99116,45,40,167.123
38,5.07846,9.65619,48,48,38.8755
48,1.47638,9.80177,61,0,-nan
31,12.6389,0.60272,39,35,175.531
50,16.2253,2.85597,63,63,34.889
47,3.88708,4.9134,59,57,70.0618
44,7.7102,4.12648,56,54,67.3729
46,14.1314,5.87401,58,55,66.1812
31,15.883,7.65732,39,35,171.541
37,1.68226,8.02727,47,43,140.732
30,10.7731,9.08708,38,35,177.025
45,12.6546,4.52422,57,54,67.5942
30,1.31792,6.02245,38,35,176.321
50,11.5801,4.67017,63,61,58.2807
33,16.0083,8.10358,42,38,150.999
49,17.7265,8.31851,62,59,63.3547
35,14.9699,7.90099,44,40,139.485
41,6.64685,1.74475,52,50,80.7034
37,14.2985,6.64406,47,43,127.555
46,9.9214,1.29014,58,0,-nan
35,4.04855,2.7219,44,40,141.821
31,0.567241,6.53917,39,37,99.3441
47,17.5954,1.49716,59,57,63.1023
44,4.61017,0.258863,56,54,74.5961
49,7.63309,7.94622,62,60,53.9541
38,3.4631,0.480728,48,44,130.563
38,2.46798,1.41345,48,46,87.1091
40,18.2223,8.9179,50,48,80.5703
47,6.35142,3.87195,59,59,32.7511
34,18.4333,7.56699,43,39,160.716
34,3.6662,0.0200037,43,39,154.087
49,2.47967,6.44498,62,60,54.2514
36,18.908,1.9368,45,41,135.311
46,12.4726,3.91332,58,56,62.7973
33,19.6766,0.146034,42,38,179.913
32,15.2713,7.85205,40,37,153.76
42,13.9905,2.2169,53,51,71.1104
33,16.2388,3.49336,42,40,107.991
31,2.89578,6.75336,39,0,-nan
37,9.09889,3.68232,47,0,-nan
49,3.42735,6.78556,62,60,53.1148
40,15.2207,0.0537753,50,48,79.7711
34,1.92658,7.21517,43,39,149.981
45,2.54994,7.11716,57,55,69.5968
41,12.995,5.82578,52,49,87.0037
42,17.3735,2.03016,53,51,72.9112
33,10.3289,1.3839,42,38,160.579
36,19.5077,8.33464,45,41,138.764
38,18.6824,6.08411,48,44,125.702
50,4.1029,3.9239,63,60,60.7664
39,4.41396,7.89326,49,45,127.634
44,10.6507,2.37014,56,0,-nan
49,3.3133,5.81533,62,59,75.2376
31,8.72209,8.28849,39,35,169.544
38,19.0358,5.86639,48,46,82.3143
30,4.77203,6.37446,38,37,100.373
41,13.3143,4.29984,52,50,70.5279
45,18.1972,2.73887,57,54,69.9719
50,16.8395,6.25827,63,60,67.7109
36,0.797774,3.81096,45,41,143.284
43,3.16807,9.58921,54,52,66.4903
41,9.96888,4.92945,52,50,73.6084
49,10.5086,3.77219,62,60,53.4671
49,5.26005,2.85782,62,0,-nan
47,18.58,6.72987,59,57,58.301
35,9.0267,4.93643,44,40,134.925
30,3.91409,8.56605,38,35,179.977
39,16.586,0.93058,49,45,122.162
42,16.3603,1.38044,53,50,77.3372
37,1.32556,4.87372,47,43,128.811
33,10.2375,0.0772418,42,38,148.805
36,6.80933,3.19072,45,41,131.591
41,17.1749,6.73566,52,50,71.458
43,18.1948,6.97072,54,54,29.7513
37,3.32579,8.77722,47,43,126.212
49,0.479644,3.83252,62,60,55.1301
48,6.4092,0.193286,61,58,62.3178
40,13.7616,1.23644,50951,0,-nan
32,0.860083,2.00428,40760,40691,37.489
20,4.95637,4.81529,25475,25448,25.2005
33,4.52787,9.60759,42034,3553,168.297
90,14.4102,5.53895,114640,92078,1500.19
91,9.6563,6.92875,115914,115623,50.7185
88,8.93698,9.20903,112092,105864,988.968
85,11.9314,5.75289,108271,11798,365.472
48,17.4507,7.10628,61,55,118.795
50,14.2811,1.54223,63,59,67.5766
47,9.98091,2.93906,59,55,74.5405
36,8.45963,2.69577,45,40,180.014
37,16.7297,4.58642,47,39,233.494
39,14.3025,6.78379,49,41,220.943
30,7.80206,3.34897,38,0,-nan
47,5.93785,8.03228,59,0,-nan
33,19.5451,8.54547,42,37,187.911
35,9.41322,2.41312,44,37,247.27
41,18.436,9.2117,52,46,153.269
48,14.7615,2.70877,61,14,383.926
35,14.6833,6.06419,44,37,247.809
42,4.30742,9.09368,53,47,147.62
50,4.61466,6.41382,63,0,-nan
38,5.48684,4.81669,48,40,221.22
34,16.2085,5.87045,43,36,262.104
43,15.1366,2.61676,54,48,146.783
36,3.80799,3.70991,45,38,239.386
30,15.0412,8.9783,38,32,292.537
30,9.41472,4.6075,38,32,294.557
44,16.8324,4.0008,56,51,123.113
42,3.76634,4.31538,53,47,145.513
34,3.74465,0.879573,43,36,262.029
39,7.58283,6.3038,49,41,214.688
40,2.66958,3.1241,50,44,164.452
33,14.4522,8.41395,42,35,266.199
38,18.2378,5.23685,48,40,222.076
49,6.32529,0.186392,62,59,75.6799
42,1.4718,9.35574,53,53,38.0407
32,16.0276,4.53368,40,33,284.657
48,14.5432,2.5272,61,58,70.9549
49,10.6646,6.80657,62,59,65.1419
48,12.4827,9.59191,61,58,79.6781
39,16.6909,2.55333,49,41,215.31
46,0.280068,3.02372,58,52,113.514
50,8.89009,2.70744,63,60,57.896
47,10.231,6.33155,59,53,107.503
37,5.37785,5.4473,47,40,221.787
37,11.3572,8.33992,47,39,236.324
46,10.3494,1.84169,58,55,77.1638
35,16.204,3.12426,44,37,262.075
37,8.25028,5.80626,47,39,231.206
34,16.4957,2.87312,43,36,254.51
46,1.70988,8.0136,58,53,116.783
38,1.90629,1.02477,48,39,255.773
50,17.0885,0.828794,63,59,74.7798
49,10.2794,7.27653,62,59,73.2787
44,5.87768,2.17409,56,50,122.723
35,13.7162,2.04755,44,37,244.574
31,7.01239,0.524419,39,33,287.933
49,1.14879,9.64262,62,56,106.565
41,6.12407,0.765125,52,49,82.5428
31,17.2032,6.13222,39,33,283.506
35,15.9507,9.5808,44,37,250.718
32,4.40291,3.71109,40,0,-nan
38,7.61007,8.57514,48,40,219.907
34,15.2141,7.93191,43,36,253.337
49,1.6753,0.510523,62,59,75.3844
35,8.101,5.11786,44,37,257.225
32,9.36321,8.13187,40,33,279.253
44,9.72331,8.79519,56,0,-nan
46,1.8266,3.33136,58,55,76.7472
49,18.0622,6.60697,62,58,73.3172
32,6.0663,5.05678,40,33,272.414
32,10.9225,8.17152,40,38,99.7652
41,4.91385,5.84588,52,46,152.553
32,18.1613,6.14943,40,33,279.923
42,11.672,6.5874,53,47,152.071
36,4.23607,2.57189,45,43,117.39
50,9.48033,3.24215,63,60,68.6965
39,15.2759,5.31102,49,40,236.737
31,3.21967,4.69744,39,0,-nan
43,6.88133,4.99844,54,48,142.376
50,16.798,7.5018,63,62,31.3946
32,9.05292,1.69395,40,40,27.5111
46,18.0955,0.415639,58,52,115.337
48,3.42666,0.636709,61,58,83.797
36,13.926,9.50639,45,38,247.482
49,1.83179,8.42758,62,59,73.0263
48,11.4304,2.33546,61,58,69.3473
47,13.3306,1.05038,59,56,74.0295
38,1.95325,5.13375,48,42,164.426
46,18.8996,4.56634,58,53,114.038
42,19.4117,7.98109,53,43,234.992
35,17.7591,8.98175,44,36,266.479
39,2.21898,9.12767,49,41,212.644
30,12.9456,2.65931,38,38,22.9534
43,13.9726,9.09957,54,48,142.882
44,8.57597,6.26416,56,50,138.584
45,0.840746,9.87119,57,52,116.511
44,11.7137,6.45709,56,51,121.993
36,12.5103,4.03335,45,38,236.755
31,0.806335,9.52596,39,35,191.761
35,17.1876,6.14578,44,37,255.58
37,12.5735,3.22095,47,39,232.797
45,15.8723,1.24688,57,51,118.251
48,7.95494,4.82037,61,55,110.721
31,6.06185,6.26764,39,33,284.524
41,0.0985188,6.31514,52,46,154.218
39,12.304,8.52738,49677,14512,45.0279
26,18.6857,3.78228,33118,33058,41.982
38,6.34291,2.30505,48403,7759,47.1258
35,19.2239,7.91914,44582,44141,100.446
86,14.116,2.14624,109545,94228,1345.47
82,16.4803,4.13555,104450,96957,1047.97
99,11.5125,3.37793,126104,8104,563.451
93,13.612,8.68724,118461,97411,1362.75
44,14.1587,2.21709,56,54,26.9476
40,17.1379,0.570733,50,48,66.6435
34,18.9273,9.40954,43,0,-nan
36,16.2734,5.9955,45,43,93.3776
46,3.926,0.617297,58,56,60.4923
37,2.42375,1.35133,47,45,87.4792
43,15.5811,9.84101,54,52,63.6778
39,13.6188,1.08663,49,47,80.785
39,18.4685,4.78471,49,47,75.8835
38,15.1718,5.69799,48,44,132.127
37,16.2484,2.3281,47,0,-nan
40,7.11739,4.43029,50,48,78.3389
32,8.08765,2.69918,40,37,144.18
31,6.63941,6.94072,39,0,-nan
43,19.5943,6.22504,54,53,54.8169
30,1.5651,2.96494,38,35,166.926
47,6.5352,1.96892,59,59,16.185
43,13.8281,3.28079,54,53,53.3344
32,0.850482,5.48413,40,37,145.232
42,0.0434391,1.0298,53,52,57.079
49,6.75231,8.53421,62,61,19.0012
36,13.5078,5.7903,45,43,92.1139
46,3.9646,1.3846,58,58,19.9952
32,7.09967,7.76798,40,37,153.798
39,10.0872,2.95135,49,47,66.0943
31,3.86266,6.44644,39,36,151.262
34,16.2654,6.22524,43,40,137.329
47,0.250314,7.61772,59,59,18.5564
30,8.76351,5.45933,38,37,99.6579
39,15.2335,4.585,49,47,76.8514
38,17.9238,3.19335,48,46,82.6565
45,13.2034,7.39703,57,57,23.156
41,19.6469,5.58588,52,50,62.2572
44,14.1923,0.0967517,56,55,50.3277
33,0.727289,0.582491,42,39,141.611
41,19.2422,0.0249381,52,51,64.2924
50,6.20001,0.744649,63,0,-nan
40,4.45369,4.55953,50,47,95.3654
46,13.0294,2.57609,58,57,52.4301
38,7.74441,8.77885,48,46,79.7353
31,14.052,1.93862,39,36,153.247
33,18.1095,9.60452,42,39,135.627
48,6.57925,0.322386,61,61,16.4517
33,8.94276,3.02433,42,39,140.282
41,2.85252,9.48802,52,51,59.8006
49,6.21717,0.552438,62,62,30.9572
36,9.56679,1.39878,45,43,94.6348
49,12.9256,6.60689,62,62,27.4455
50,8.29225,3.86745,63,63,15.1414
32,4.96447,2.68165,40,38,105.464
44,15.8025,2.13094,56,54,55.3323
30,15.9461,5.41329,38,35,166.13
49,13.8148,3.96331,62,62,26.4688
49,10.7402,2.24444,62,62,16.7985
42,9.42185,2.71668,53,52,58.5764
50,9.89775,5.48532,63,0,-nan
30,2.74741,3.23702,38,38,29.381
34,10.7518,5.71779,43,41,90.8007
44,8.07925,3.16899,56,56,20.0536
50,2.21161,8.01877,63,63,14.4934
31,2.48768,2.77042,39,37,104.589
36,16.5508,0.837068,45,43,97.0772
35,14.5543,2.9804,44,42,93.2661
49,12.697,6.42843,62,62,19.6602
44,16.9118,0.0597797,56,55,60.8167
30,19.9184,9.12793,38,35,167.131
37,7.27775,4.57466,47,45,82.0841
44,3.32774,6.47309,56,54,59.3112
41,5.97053,1.14463,52,51,55.5947
39,18.1433,3.75989,49,47,68.8972
43,19.453,8.1496,54,53,51.8228
39,11.8694,4.53788,49,47,64.0836
32,2.33654,5.47103,40,37,146.227
47,9.34881,2.10358,59,59,17.6594
36,2.94529,2.63352,45,41,134.049
35,14.7925,7.57262,44,42,95.1108
40,7.46894,2.54279,50,0,-nan
37,7.81761,5.40708,47,45,85.5245
42,3.08006,2.63832,53,0,-nan
35,10.3493,2.55533,44,42,91.2454
30,4.66358,1.93205,38,36,106.835
45,9.82169,5.8425,57,57,16.4919
41,3.10863,6.45659,52,50,68.7343
49,14.6312,9.54353,62,62,14.5717
43,8.85431,1.03273,54,0,-nan
42,5.0096,4.1913,53,52,55.7013
30,19.1778,5.39756,38,37,115.315
33,7.31117,8.58874,42,39,134.607
31,18.9185,3.26271,39,36,195.812
37,13.2378,3.96227,47,45,85.0794
31,5.09552,8.81174,39,37,110.045
46,7.06702,1.5338,58,57,48.3553
35,3.69508,3.19303,44,42,92.2071
50,11.3751,8.97468,63,63,17.5777
34,7.56589,9.10083,43,41,95.3773
33,7.97207,9.70624,42,0,-nan
46,13.5499,5.52299,58,58,18.2612
38,12.5842,0.863562,48,46,75.0065
35,11.6441,8.70276,44,0,-nan
34,13.7879,2.43698,43,41,103.726
38,10.8462,5.81826,48403,48316,9.78242
20,16.5112,5.56029,25475,18306,44.559
34,7.72934,9.79477,43308,11829,110.603
37,13.9199,6.23069,47129,47017,50.356
100,13.5275,5.36087,127377,17376,668.574
87,10.1283,8.54911,110818,105179,827.498
98,16.6639,1.71573,124830,1186,168.553
88,16.9732,4.55596,112092,106957,807.672
37,7.57456,2.43883,47,45,83.2231
42,2.85173,8.62785,53,48,134.153
30,16.82,2.3505,38,0,-nan
37,11.9007,2.59507,47,45,84.8305
44,18.3186,2.67899,56,50,133.421
34,18.6661,0.486476,43,39,169.396
49,11.1392,2.8251,62,59,70.3405
44,8.98065,7.19527,56,50,120.147
30,16.3155,7.26318,38,37,103.872
43,6.68895,2.26782,54,47,155.776
50,11.8733,8.56089,63,0,-nan
45,11.829,7.87326,57,51,119.027
47,14.8964,5.96905,59,56,73.9015
50,11.3034,2.6348,63,57,105.541
30,9.55379,5.84755,38,37,106.613
34,13.7215,9.26145,43,39,173.029
32,7.18881,4.1658,40,0,-nan
42,11.2108,4.60885,53,48,132.713
45,14.9356,9.03252,57,52,113.372
45,10.0478,5.13276,57,51,117.164
47,1.4275,6.38762,59,53,111.537
41,6.85852,9.36937,52,47,137.799
32,4.36101,5.52308,40,36,174.864
49,13.8096,1.54475,62,58,69.8556
40,15.0958,6.24646,50,45,147.376
36,6.24894,3.09106,45,40,156.779
36,19.892,1.84776,45,0,-nan
45,4.27531,2.37953,57,57,24.6607
35,13.6398,6.00527,44,40,155.977
34,2.75682,5.04346,43,39,179.537
31,1.71614,0.512681,39,38,107.265
38,10.5237,7.13675,48,46,83.1358
44,17.6116,3.14444,56,56,29.477
37,17.6115,1.10643,47,45,85.1908
42,8.8,6.64071,53,53,30.5493
32,17.1664,4.02743,40,36,182.286
50,0.82006,6.81912,63,57,117.912
48,12.899,1.01548,61,58,70.8854
44,8.33226,6.83373,56,53,82.1049
41,0.518778,9.65676,52,0,-nan
41,1.45721,2.13249,52,47,132.318
50,1.92046,2.56492,63,59,78.6093
50,3.23721,9.35464,63,57,106.698
32,13.8371,3.32677,40,36,179.235
50,5.1377,2.43681,63,60,66.0249
30,14.8388,9.60766,38,37,99.5605
49,14.5235,2.53864,62,59,67.2033
48,18.2182,5.26757,61,57,84.1635
42,13.1215,7.25423,53,48,136.68
47,7.46085,3.9498,59,53,116.702
47,13.3828,5.34404,59,53,109.033
34,5.54069,6.95457,43,39,160.402
42,9.19635,0.359632,53,47,144.415
43,17.8142,4.46887,54,48,139.132
35,16.364,8.98832,44,40,157.395
44,0.88752,9.03388,56,50,126.12
34,13.0221,2.56073,43,39,167.115
34,1.82685,1.28959,43,39,172.63
35,0.887128,8.48588,44,40,154.313
37,10.4328,3.82065,47,47,29.4498
50,8.73641,2.04743,63,60,61.6049
41,10.2059,4.92078,52,47,130.27
34,0.00972543,2.27842,43,39,166.004
49,1.96671,6.07124,62,0,-nan
47,18.6031,0.0657313,59,56,74.1856
47,17.9102,1.04074,59,53,113.741
50,12.0055,2.0321,63,59,76.9009
48,13.6605,7.12039,61,55,116.408
40,14.5676,0.25909,50,45,156.312
44,5.95761,6.13588,56,49,144.551
30,19.3983,7.96455,38,37,102.463
40,5.05635,2.9917,50,45,143.659
34,0.570168,7.01812,43,39,165.943
34,14.2837,6.31395,43,39,165.789
49,15.2398,2.89684,62,56,103.664
42,6.27176,9.32985,53,48,137.75
50,6.2159,6.79704,63,60,72.3763
35,16.5993,4.94781,44,39,177.246
33,1.38798,8.90212,42,38,167.261
30,7.38418,0.810865,38,34,192.329
36,11.1299,1.12523,45,43,106.014
40,2.80384,5.42678,50,45,142.937
46,5.41948,9.10229,58,52,117.989
34,6.0943,9.4979,43,39,168.574
44,7.73975,7.13596,56,50,127.631
35,19.5105,4.61041,44,39,163.369
32,13.0956,7.9373,40,36,184.021
40,16.0422,0.447601,50,45,148.249
47,8.81036,1.58899,59,55,75.8949
44,2.5616,9.35848,56,50,125.5
44,13.6051,6.69296,56,50,127.078
50,17.7736,1.68716,63,57,106.281
34,6.0646,1.51233,43,39,158.931
46,12.5126,7.87217,58,51,130.72
32,8.32244,5.0109,40,36,176.967
46,18.7692,2.67688,58,51,132.559
50,8.9048,4.0753,63,59,68.6141
39,1.84259,2.9499,49,47,95.5726
42,2.80848,3.57305,53,47,144.604
41,1.16679,4.68068,52,47,155.029
36,7.93087,0.400073,45855,45722,29.0896
28,12.1623,9.11635,35665,27263,60.6448
27,10.5023,4.77425,34391,34390,4.72117
20,3.31187,2.85373,25475,25460,28.8041
96,13.2334,1.96817,122283,109264,1161.68
100,16.9523,5.75587,127377,60992,1564.47
88,19.2394,5.88463,112092,7987,1092.16
96,18.6538,7.49031,122283,94241,1428.24
34,4.28248,7.54969,43,41,85.2284
32,5.70858,7.65636,40,38,99.1736
39,5.76634,8.82092,49,47,75.5035
37,19.7143,5.89485,47,46,66.5019
32,5.51488,8.70986,40,38,99.6146
32,6.7873,5.05407,40,40,21.9769
41,18.9182,9.3172,52,50,61.1306
36,16.6616,0.249625,45,43,89.0707
35,15.2389,3.50241,44,42,90.1133
46,12.4476,5.55268,58,58,15.7547
46,9.68569,1.67729,58,58,19.913
37,4.18489,9.59478,47,46,67.2486
44,8.30078,2.60404,56,55,57.6778
38,13.6353,0.481787,48,46,78.9003
44,4.53346,5.65883,56,56,24.6136
47,9.79976,7.4097,59,59,18.1048
46,17.5156,0.264274,58,58,24.5605
42,9.90227,5.27289,53,52,52.9947
41,11.9781,0.806738,52,50,82.8991
36,15.05,7.18426,45,43,100.473
46,18.7651,0.314321,58,58,33.4204
33,3.5339,1.15887,42,40,96.549
36,4.55926,2.59229,45,44,73.0786
47,17.1646,8.43316,59,59,19.5448
41,17.6002,2.89407,52,51,59.0026
49,7.44202,6.41339,62,60,52.0112
38,1.7052,9.65899,48,46,86.5086
33,6.28792,4.7604,42,40,98.6243
37,16.0779,1.27826,47,46,73.0392
31,16.5185,0.272721,39,0,-nan
38,3.61243,9.17235,48,21,143.455
35,9.1839,2.00658,44,42,95.1151
35,6.59397,1.92374,44,0,-nan
34,19.3211,1.61126,43,41,86.5344
36,12.8364,4.66982,45,43,95.748
48,16.1284,1.0287,61,61,16.965
50,18.1301,4.85634,63,63,16.8467
41,7.12168,9.24346,52,51,62.9748
32,15.9838,3.96252,40,35,16.7314
43,16.906,0.0956871,54,53,58.3625
46,5.15981,2.22942,58,58,24.5293
48,3.82592,9.04517,61,61,19.0149
41,1.56619,3.87076,52,51,56.8307
31,6.28419,3.47799,39,0,-nan
44,6.28035,3.91118,56,55,50.6166
42,19.1497,9.13527,53,51,60.9055
35,7.00182,3.10857,44,40,140.168
48,0.864478,4.59793,61,61,31.3561
48,15.5362,8.94759,61,61,18.8776
44,18.709,4.5839,56,55,58.8015
38,2.17288,6.95062,48,47,63.2585
37,0.337955,2.72523,47,46,68.7383
50,16.8871,3.55782,63,61,33.7891
39,11.3512,0.581087,49,48,67.3299
42,9.83508,2.12415,53,52,54.0648
41,6.38246,0.80816,52,51,56.7839
47,8.15953,7.22256,59,58,25.5483
35,17.3645,9.07547,44,41,90.6951
31,7.29107,1.1443,39,38,95.5832
31,4.54332,6.72162,39,39,35.0506
49,1.86077,6.68593,62,62,19.1715
33,17.0334,6.96261,42,40,100.184
43,12.7374,1.92741,54,53,57.9104
49,16.6016,5.89264,62,60,47.8252
39,9.44865,5.06873,49,48,66.0996
45,6.90616,1.99714,57,57,18.0078
46,14.3694,0.760826,58,58,30.5113
39,18.8268,7.44404,49,47,73.5533
40,8.86607,4.81632,50,49,61.713
46,19.8647,7.32382,58,57,67.0098
44,9.37097,2.87205,56,53,56.8566
41,1.64983,2.21856,52,51,61.1579
35,19.687,7.79166,44,43,80.2165
38,16.7511,3.41914,48,46,69.2243
35,1.38712,8.0285,44,42,88.2342
46,12.0114,5.20847,58,58,19.773
44,15.5893,8.92419,56,55,65.9711
45,0.990245,9.71812,57,57,24.6554
39,10.542,2.03405,49,48,67.0299
37,15.9016,4.93866,47,46,63.6833
40,4.36312,0.721867,50,48,69.3951
38,19.2949,0.218895,48,46,70.7646
49,6.57496,0.425079,62,62,12.8566
37,1.82581,4.47503,47,46,62.6108
45,17.1825,0.187597,57,57,21.463
42,6.76112,9.81996,53,51,62.3892
43,10.0546,4.2072,54,53,72.7751
43,10.4078,6.37703,54,53,48.1731
35,13.7562,5.75213,44,43,89.3611
37,7.22348,7.05659,47,46,72.3559
50,17.8599,5.63352,63,0,-nan
30,13.127,6.76387,38,37,107.226
33,17.2493,0.671961,42,40,96.7154
44,3.0814,7.32088,56,55,52.9124
31,18.7008,7.96595,39,39,48.0152
41,14.1679,9.16218,52,51,54.6021
31,6.58232,8.35146,39,39,32.2865
50,6.47184,8.9931,63,63,16.0959
45,8.39069,6.00823,57,57,21.6291
34,14.8561,0.802532,43,41,87.4129
34,6.4732,7.69101,43308,43278,35.122
22,9.98797,0.89436,28023,27458,43.5726
24,11.8887,2.26396,30570,30343,54.6946
22,18.0079,1.16527,28023,27940,21.1089
